<?xml version="1.0" encoding="iso-8859-1"?>
<vshape name="keymi" width="400" height="400">
<blobs>
<blob isHole="true" area="58215.0" circumference="1161.8865" >
<bounding_rect x="40" y="63" width="321" height="278" />
<centroid x="200" y="187" />
<points>
<point x="100" y="64" />
<point x="101" y="63" />
<point x="119" y="63" />
<point x="120" y="64" />
<point x="125" y="64" />
<point x="126" y="65" />
<point x="129" y="65" />
<point x="130" y="66" />
<point x="132" y="66" />
<point x="133" y="67" />
<point x="135" y="67" />
<point x="136" y="68" />
<point x="137" y="68" />
<point x="138" y="69" />
<point x="139" y="69" />
<point x="140" y="70" />
<point x="141" y="70" />
<point x="142" y="71" />
<point x="143" y="71" />
<point x="144" y="72" />
<point x="145" y="72" />
<point x="147" y="74" />
<point x="148" y="74" />
<point x="150" y="76" />
<point x="151" y="76" />
<point x="154" y="79" />
<point x="155" y="79" />
<point x="163" y="87" />
<point x="163" y="88" />
<point x="167" y="92" />
<point x="167" y="93" />
<point x="169" y="95" />
<point x="169" y="96" />
<point x="171" y="98" />
<point x="171" y="99" />
<point x="172" y="100" />
<point x="172" y="101" />
<point x="173" y="102" />
<point x="173" y="103" />
<point x="174" y="104" />
<point x="174" y="105" />
<point x="175" y="106" />
<point x="175" y="108" />
<point x="176" y="109" />
<point x="176" y="111" />
<point x="177" y="112" />
<point x="177" y="114" />
<point x="178" y="115" />
<point x="178" y="118" />
<point x="179" y="119" />
<point x="179" y="124" />
<point x="180" y="125" />
<point x="180" y="140" />
<point x="179" y="141" />
<point x="179" y="142" />
<point x="183" y="142" />
<point x="184" y="141" />
<point x="190" y="141" />
<point x="191" y="140" />
<point x="209" y="140" />
<point x="210" y="141" />
<point x="216" y="141" />
<point x="217" y="142" />
<point x="221" y="142" />
<point x="221" y="141" />
<point x="220" y="140" />
<point x="220" y="125" />
<point x="221" y="124" />
<point x="221" y="119" />
<point x="222" y="118" />
<point x="222" y="115" />
<point x="223" y="114" />
<point x="223" y="112" />
<point x="224" y="111" />
<point x="224" y="109" />
<point x="225" y="108" />
<point x="225" y="106" />
<point x="226" y="105" />
<point x="226" y="104" />
<point x="227" y="103" />
<point x="227" y="102" />
<point x="228" y="101" />
<point x="228" y="100" />
<point x="229" y="99" />
<point x="229" y="98" />
<point x="231" y="96" />
<point x="231" y="95" />
<point x="233" y="93" />
<point x="233" y="92" />
<point x="237" y="88" />
<point x="237" y="87" />
<point x="245" y="79" />
<point x="246" y="79" />
<point x="249" y="76" />
<point x="250" y="76" />
<point x="252" y="74" />
<point x="253" y="74" />
<point x="255" y="72" />
<point x="256" y="72" />
<point x="257" y="71" />
<point x="258" y="71" />
<point x="259" y="70" />
<point x="260" y="70" />
<point x="261" y="69" />
<point x="262" y="69" />
<point x="263" y="68" />
<point x="264" y="68" />
<point x="265" y="67" />
<point x="267" y="67" />
<point x="268" y="66" />
<point x="270" y="66" />
<point x="271" y="65" />
<point x="274" y="65" />
<point x="275" y="64" />
<point x="280" y="64" />
<point x="281" y="63" />
<point x="299" y="63" />
<point x="300" y="64" />
<point x="305" y="64" />
<point x="306" y="65" />
<point x="309" y="65" />
<point x="310" y="66" />
<point x="312" y="66" />
<point x="313" y="67" />
<point x="314" y="67" />
<point x="315" y="68" />
<point x="317" y="68" />
<point x="318" y="69" />
<point x="319" y="69" />
<point x="320" y="70" />
<point x="321" y="70" />
<point x="322" y="71" />
<point x="323" y="71" />
<point x="324" y="72" />
<point x="325" y="72" />
<point x="327" y="74" />
<point x="328" y="74" />
<point x="330" y="76" />
<point x="331" y="76" />
<point x="335" y="80" />
<point x="336" y="80" />
<point x="343" y="87" />
<point x="343" y="88" />
<point x="347" y="92" />
<point x="347" y="93" />
<point x="349" y="95" />
<point x="349" y="96" />
<point x="351" y="98" />
<point x="351" y="99" />
<point x="352" y="100" />
<point x="352" y="101" />
<point x="353" y="102" />
<point x="353" y="103" />
<point x="354" y="104" />
<point x="354" y="105" />
<point x="355" y="106" />
<point x="355" y="108" />
<point x="356" y="109" />
<point x="356" y="111" />
<point x="357" y="112" />
<point x="357" y="114" />
<point x="358" y="115" />
<point x="358" y="118" />
<point x="359" y="119" />
<point x="359" y="124" />
<point x="360" y="125" />
<point x="360" y="140" />
<point x="359" y="141" />
<point x="359" y="146" />
<point x="358" y="147" />
<point x="358" y="150" />
<point x="357" y="151" />
<point x="357" y="154" />
<point x="356" y="155" />
<point x="356" y="157" />
<point x="355" y="158" />
<point x="355" y="159" />
<point x="354" y="160" />
<point x="354" y="161" />
<point x="353" y="162" />
<point x="353" y="163" />
<point x="352" y="164" />
<point x="352" y="165" />
<point x="351" y="166" />
<point x="351" y="167" />
<point x="350" y="168" />
<point x="350" y="169" />
<point x="348" y="171" />
<point x="348" y="172" />
<point x="345" y="175" />
<point x="345" y="176" />
<point x="333" y="188" />
<point x="332" y="188" />
<point x="329" y="191" />
<point x="328" y="191" />
<point x="326" y="193" />
<point x="325" y="193" />
<point x="324" y="194" />
<point x="323" y="194" />
<point x="322" y="195" />
<point x="321" y="195" />
<point x="320" y="196" />
<point x="319" y="196" />
<point x="318" y="197" />
<point x="317" y="197" />
<point x="316" y="198" />
<point x="314" y="198" />
<point x="313" y="199" />
<point x="311" y="199" />
<point x="310" y="200" />
<point x="308" y="200" />
<point x="307" y="201" />
<point x="303" y="201" />
<point x="302" y="202" />
<point x="296" y="202" />
<point x="295" y="203" />
<point x="293" y="203" />
<point x="293" y="204" />
<point x="294" y="205" />
<point x="294" y="207" />
<point x="295" y="208" />
<point x="295" y="210" />
<point x="296" y="211" />
<point x="296" y="214" />
<point x="297" y="215" />
<point x="297" y="218" />
<point x="298" y="219" />
<point x="298" y="223" />
<point x="299" y="224" />
<point x="299" y="230" />
<point x="300" y="231" />
<point x="300" y="249" />
<point x="299" y="250" />
<point x="299" y="256" />
<point x="298" y="257" />
<point x="298" y="261" />
<point x="297" y="262" />
<point x="297" y="265" />
<point x="296" y="266" />
<point x="296" y="269" />
<point x="295" y="270" />
<point x="295" y="272" />
<point x="294" y="273" />
<point x="294" y="275" />
<point x="293" y="276" />
<point x="293" y="277" />
<point x="292" y="278" />
<point x="292" y="279" />
<point x="291" y="280" />
<point x="291" y="282" />
<point x="290" y="283" />
<point x="290" y="284" />
<point x="289" y="285" />
<point x="289" y="286" />
<point x="288" y="287" />
<point x="288" y="288" />
<point x="286" y="290" />
<point x="286" y="291" />
<point x="285" y="292" />
<point x="285" y="293" />
<point x="283" y="295" />
<point x="283" y="296" />
<point x="280" y="299" />
<point x="280" y="300" />
<point x="276" y="304" />
<point x="276" y="305" />
<point x="265" y="316" />
<point x="264" y="316" />
<point x="260" y="320" />
<point x="259" y="320" />
<point x="256" y="323" />
<point x="255" y="323" />
<point x="253" y="325" />
<point x="252" y="325" />
<point x="251" y="326" />
<point x="250" y="326" />
<point x="248" y="328" />
<point x="247" y="328" />
<point x="246" y="329" />
<point x="245" y="329" />
<point x="244" y="330" />
<point x="243" y="330" />
<point x="242" y="331" />
<point x="240" y="331" />
<point x="239" y="332" />
<point x="238" y="332" />
<point x="237" y="333" />
<point x="236" y="333" />
<point x="235" y="334" />
<point x="233" y="334" />
<point x="232" y="335" />
<point x="230" y="335" />
<point x="229" y="336" />
<point x="226" y="336" />
<point x="225" y="337" />
<point x="222" y="337" />
<point x="221" y="338" />
<point x="217" y="338" />
<point x="216" y="339" />
<point x="210" y="339" />
<point x="209" y="340" />
<point x="191" y="340" />
<point x="190" y="339" />
<point x="184" y="339" />
<point x="183" y="338" />
<point x="179" y="338" />
<point x="178" y="337" />
<point x="175" y="337" />
<point x="174" y="336" />
<point x="171" y="336" />
<point x="170" y="335" />
<point x="168" y="335" />
<point x="167" y="334" />
<point x="165" y="334" />
<point x="164" y="333" />
<point x="163" y="333" />
<point x="162" y="332" />
<point x="161" y="332" />
<point x="160" y="331" />
<point x="158" y="331" />
<point x="157" y="330" />
<point x="156" y="330" />
<point x="155" y="329" />
<point x="154" y="329" />
<point x="153" y="328" />
<point x="152" y="328" />
<point x="150" y="326" />
<point x="149" y="326" />
<point x="148" y="325" />
<point x="147" y="325" />
<point x="145" y="323" />
<point x="144" y="323" />
<point x="141" y="320" />
<point x="140" y="320" />
<point x="136" y="316" />
<point x="135" y="316" />
<point x="124" y="305" />
<point x="124" y="304" />
<point x="120" y="300" />
<point x="120" y="299" />
<point x="117" y="296" />
<point x="117" y="295" />
<point x="115" y="293" />
<point x="115" y="292" />
<point x="114" y="291" />
<point x="114" y="290" />
<point x="112" y="288" />
<point x="112" y="287" />
<point x="111" y="286" />
<point x="111" y="285" />
<point x="110" y="284" />
<point x="110" y="283" />
<point x="109" y="282" />
<point x="109" y="280" />
<point x="108" y="279" />
<point x="108" y="278" />
<point x="107" y="277" />
<point x="107" y="276" />
<point x="106" y="275" />
<point x="106" y="273" />
<point x="105" y="272" />
<point x="105" y="270" />
<point x="104" y="269" />
<point x="104" y="266" />
<point x="103" y="265" />
<point x="103" y="262" />
<point x="102" y="261" />
<point x="102" y="257" />
<point x="101" y="256" />
<point x="101" y="250" />
<point x="100" y="249" />
<point x="100" y="231" />
<point x="101" y="230" />
<point x="101" y="224" />
<point x="102" y="223" />
<point x="102" y="219" />
<point x="103" y="218" />
<point x="103" y="215" />
<point x="104" y="214" />
<point x="104" y="211" />
<point x="105" y="210" />
<point x="105" y="208" />
<point x="106" y="207" />
<point x="106" y="205" />
<point x="107" y="204" />
<point x="107" y="203" />
<point x="105" y="203" />
<point x="104" y="202" />
<point x="98" y="202" />
<point x="97" y="201" />
<point x="93" y="201" />
<point x="92" y="200" />
<point x="90" y="200" />
<point x="89" y="199" />
<point x="87" y="199" />
<point x="86" y="198" />
<point x="84" y="198" />
<point x="83" y="197" />
<point x="82" y="197" />
<point x="81" y="196" />
<point x="80" y="196" />
<point x="79" y="195" />
<point x="78" y="195" />
<point x="77" y="194" />
<point x="76" y="194" />
<point x="75" y="193" />
<point x="74" y="193" />
<point x="72" y="191" />
<point x="71" y="191" />
<point x="68" y="188" />
<point x="67" y="188" />
<point x="55" y="176" />
<point x="55" y="175" />
<point x="52" y="172" />
<point x="52" y="171" />
<point x="50" y="169" />
<point x="50" y="168" />
<point x="49" y="167" />
<point x="49" y="166" />
<point x="48" y="165" />
<point x="48" y="164" />
<point x="47" y="163" />
<point x="47" y="162" />
<point x="46" y="161" />
<point x="46" y="160" />
<point x="45" y="159" />
<point x="45" y="158" />
<point x="44" y="157" />
<point x="44" y="155" />
<point x="43" y="154" />
<point x="43" y="151" />
<point x="42" y="150" />
<point x="42" y="147" />
<point x="41" y="146" />
<point x="41" y="141" />
<point x="40" y="140" />
<point x="40" y="125" />
<point x="41" y="124" />
<point x="41" y="119" />
<point x="42" y="118" />
<point x="42" y="115" />
<point x="43" y="114" />
<point x="43" y="112" />
<point x="44" y="111" />
<point x="44" y="109" />
<point x="45" y="108" />
<point x="45" y="106" />
<point x="46" y="105" />
<point x="46" y="104" />
<point x="47" y="103" />
<point x="47" y="102" />
<point x="48" y="101" />
<point x="48" y="100" />
<point x="49" y="99" />
<point x="49" y="98" />
<point x="51" y="96" />
<point x="51" y="95" />
<point x="53" y="93" />
<point x="53" y="92" />
<point x="57" y="88" />
<point x="57" y="87" />
<point x="64" y="80" />
<point x="65" y="80" />
<point x="69" y="76" />
<point x="70" y="76" />
<point x="72" y="74" />
<point x="73" y="74" />
<point x="75" y="72" />
<point x="76" y="72" />
<point x="77" y="71" />
<point x="78" y="71" />
<point x="79" y="70" />
<point x="80" y="70" />
<point x="81" y="69" />
<point x="82" y="69" />
<point x="83" y="68" />
<point x="85" y="68" />
<point x="86" y="67" />
<point x="87" y="67" />
<point x="88" y="66" />
<point x="90" y="66" />
<point x="91" y="65" />
<point x="94" y="65" />
<point x="95" y="64" />
</points>
</blob>
</blobs>
</vshape>
