<?xml version="1.0" encoding="iso-8859-1"?>
<vshape name="kuernos" width="400" height="400">
<blobs>
<blob isHole="true" area="5674.0" circumference="368.4752" >
<bounding_rect x="90" y="68" width="76" height="134" />
<centroid x="121" y="143" />
<points>
<point x="151" y="69" />
<point x="152" y="68" />
<point x="154" y="68" />
<point x="155" y="69" />
<point x="152" y="72" />
<point x="152" y="73" />
<point x="148" y="77" />
<point x="148" y="78" />
<point x="146" y="80" />
<point x="146" y="81" />
<point x="145" y="82" />
<point x="145" y="83" />
<point x="143" y="85" />
<point x="143" y="86" />
<point x="142" y="87" />
<point x="142" y="88" />
<point x="141" y="89" />
<point x="141" y="91" />
<point x="140" y="92" />
<point x="140" y="93" />
<point x="139" y="94" />
<point x="139" y="97" />
<point x="138" y="98" />
<point x="138" y="101" />
<point x="137" y="102" />
<point x="137" y="107" />
<point x="136" y="108" />
<point x="136" y="117" />
<point x="137" y="118" />
<point x="137" y="124" />
<point x="138" y="125" />
<point x="138" y="128" />
<point x="139" y="129" />
<point x="139" y="131" />
<point x="140" y="132" />
<point x="140" y="133" />
<point x="141" y="134" />
<point x="141" y="135" />
<point x="142" y="136" />
<point x="142" y="137" />
<point x="143" y="138" />
<point x="143" y="139" />
<point x="144" y="140" />
<point x="144" y="141" />
<point x="146" y="143" />
<point x="146" y="144" />
<point x="159" y="157" />
<point x="160" y="157" />
<point x="162" y="159" />
<point x="163" y="159" />
<point x="165" y="161" />
<point x="165" y="162" />
<point x="163" y="164" />
<point x="163" y="165" />
<point x="161" y="167" />
<point x="161" y="168" />
<point x="156" y="173" />
<point x="156" y="174" />
<point x="148" y="182" />
<point x="147" y="182" />
<point x="143" y="186" />
<point x="142" y="186" />
<point x="139" y="189" />
<point x="138" y="189" />
<point x="136" y="191" />
<point x="135" y="191" />
<point x="134" y="192" />
<point x="133" y="192" />
<point x="131" y="194" />
<point x="130" y="194" />
<point x="129" y="195" />
<point x="127" y="195" />
<point x="126" y="196" />
<point x="125" y="196" />
<point x="124" y="197" />
<point x="123" y="197" />
<point x="122" y="198" />
<point x="120" y="198" />
<point x="119" y="199" />
<point x="117" y="199" />
<point x="116" y="200" />
<point x="113" y="200" />
<point x="112" y="201" />
<point x="107" y="201" />
<point x="104" y="198" />
<point x="104" y="197" />
<point x="102" y="195" />
<point x="102" y="194" />
<point x="100" y="192" />
<point x="100" y="191" />
<point x="99" y="190" />
<point x="99" y="189" />
<point x="98" y="188" />
<point x="98" y="187" />
<point x="97" y="186" />
<point x="97" y="184" />
<point x="96" y="183" />
<point x="96" y="182" />
<point x="95" y="181" />
<point x="95" y="179" />
<point x="94" y="178" />
<point x="94" y="176" />
<point x="93" y="175" />
<point x="93" y="173" />
<point x="92" y="172" />
<point x="92" y="169" />
<point x="91" y="168" />
<point x="91" y="163" />
<point x="90" y="162" />
<point x="90" y="138" />
<point x="91" y="137" />
<point x="91" y="132" />
<point x="92" y="131" />
<point x="92" y="128" />
<point x="93" y="127" />
<point x="93" y="124" />
<point x="94" y="123" />
<point x="94" y="121" />
<point x="95" y="120" />
<point x="95" y="119" />
<point x="96" y="118" />
<point x="96" y="116" />
<point x="97" y="115" />
<point x="97" y="114" />
<point x="98" y="113" />
<point x="98" y="112" />
<point x="99" y="111" />
<point x="99" y="110" />
<point x="100" y="109" />
<point x="100" y="108" />
<point x="101" y="107" />
<point x="101" y="106" />
<point x="103" y="104" />
<point x="103" y="103" />
<point x="105" y="101" />
<point x="105" y="100" />
<point x="109" y="96" />
<point x="109" y="95" />
<point x="117" y="87" />
<point x="118" y="87" />
<point x="122" y="83" />
<point x="123" y="83" />
<point x="126" y="80" />
<point x="127" y="80" />
<point x="128" y="79" />
<point x="129" y="79" />
<point x="131" y="77" />
<point x="132" y="77" />
<point x="133" y="76" />
<point x="134" y="76" />
<point x="135" y="75" />
<point x="136" y="75" />
<point x="137" y="74" />
<point x="138" y="74" />
<point x="139" y="73" />
<point x="140" y="73" />
<point x="141" y="72" />
<point x="143" y="72" />
<point x="144" y="71" />
<point x="145" y="71" />
<point x="146" y="70" />
<point x="148" y="70" />
<point x="149" y="69" />
</points>
</blob>
<blob isHole="true" area="5674.0" circumference="368.4752" >
<bounding_rect x="234" y="68" width="76" height="134" />
<centroid x="277" y="143" />
<points>
<point x="244" y="69" />
<point x="245" y="68" />
<point x="247" y="68" />
<point x="248" y="69" />
<point x="250" y="69" />
<point x="251" y="70" />
<point x="253" y="70" />
<point x="254" y="71" />
<point x="255" y="71" />
<point x="256" y="72" />
<point x="258" y="72" />
<point x="259" y="73" />
<point x="260" y="73" />
<point x="261" y="74" />
<point x="262" y="74" />
<point x="263" y="75" />
<point x="264" y="75" />
<point x="265" y="76" />
<point x="266" y="76" />
<point x="267" y="77" />
<point x="268" y="77" />
<point x="270" y="79" />
<point x="271" y="79" />
<point x="272" y="80" />
<point x="273" y="80" />
<point x="276" y="83" />
<point x="277" y="83" />
<point x="281" y="87" />
<point x="282" y="87" />
<point x="290" y="95" />
<point x="290" y="96" />
<point x="294" y="100" />
<point x="294" y="101" />
<point x="296" y="103" />
<point x="296" y="104" />
<point x="298" y="106" />
<point x="298" y="107" />
<point x="299" y="108" />
<point x="299" y="109" />
<point x="300" y="110" />
<point x="300" y="111" />
<point x="301" y="112" />
<point x="301" y="113" />
<point x="302" y="114" />
<point x="302" y="115" />
<point x="303" y="116" />
<point x="303" y="118" />
<point x="304" y="119" />
<point x="304" y="120" />
<point x="305" y="121" />
<point x="305" y="123" />
<point x="306" y="124" />
<point x="306" y="127" />
<point x="307" y="128" />
<point x="307" y="131" />
<point x="308" y="132" />
<point x="308" y="137" />
<point x="309" y="138" />
<point x="309" y="162" />
<point x="308" y="163" />
<point x="308" y="168" />
<point x="307" y="169" />
<point x="307" y="172" />
<point x="306" y="173" />
<point x="306" y="175" />
<point x="305" y="176" />
<point x="305" y="178" />
<point x="304" y="179" />
<point x="304" y="181" />
<point x="303" y="182" />
<point x="303" y="183" />
<point x="302" y="184" />
<point x="302" y="186" />
<point x="301" y="187" />
<point x="301" y="188" />
<point x="300" y="189" />
<point x="300" y="190" />
<point x="299" y="191" />
<point x="299" y="192" />
<point x="297" y="194" />
<point x="297" y="195" />
<point x="295" y="197" />
<point x="295" y="198" />
<point x="292" y="201" />
<point x="287" y="201" />
<point x="286" y="200" />
<point x="283" y="200" />
<point x="282" y="199" />
<point x="280" y="199" />
<point x="279" y="198" />
<point x="277" y="198" />
<point x="276" y="197" />
<point x="275" y="197" />
<point x="274" y="196" />
<point x="273" y="196" />
<point x="272" y="195" />
<point x="270" y="195" />
<point x="269" y="194" />
<point x="268" y="194" />
<point x="266" y="192" />
<point x="265" y="192" />
<point x="264" y="191" />
<point x="263" y="191" />
<point x="261" y="189" />
<point x="260" y="189" />
<point x="257" y="186" />
<point x="256" y="186" />
<point x="252" y="182" />
<point x="251" y="182" />
<point x="243" y="174" />
<point x="243" y="173" />
<point x="238" y="168" />
<point x="238" y="167" />
<point x="236" y="165" />
<point x="236" y="164" />
<point x="234" y="162" />
<point x="234" y="161" />
<point x="236" y="159" />
<point x="237" y="159" />
<point x="239" y="157" />
<point x="240" y="157" />
<point x="253" y="144" />
<point x="253" y="143" />
<point x="255" y="141" />
<point x="255" y="140" />
<point x="256" y="139" />
<point x="256" y="138" />
<point x="257" y="137" />
<point x="257" y="136" />
<point x="258" y="135" />
<point x="258" y="134" />
<point x="259" y="133" />
<point x="259" y="132" />
<point x="260" y="131" />
<point x="260" y="129" />
<point x="261" y="128" />
<point x="261" y="125" />
<point x="262" y="124" />
<point x="262" y="118" />
<point x="263" y="117" />
<point x="263" y="108" />
<point x="262" y="107" />
<point x="262" y="102" />
<point x="261" y="101" />
<point x="261" y="98" />
<point x="260" y="97" />
<point x="260" y="94" />
<point x="259" y="93" />
<point x="259" y="92" />
<point x="258" y="91" />
<point x="258" y="89" />
<point x="257" y="88" />
<point x="257" y="87" />
<point x="256" y="86" />
<point x="256" y="85" />
<point x="254" y="83" />
<point x="254" y="82" />
<point x="253" y="81" />
<point x="253" y="80" />
<point x="251" y="78" />
<point x="251" y="77" />
<point x="247" y="73" />
<point x="247" y="72" />
</points>
</blob>
</blobs>
</vshape>
