<?xml version="1.0" encoding="iso-8859-1"?>
<vshape name="loogoo" width="720" height="480">
<blobs>
<blob isHole="true" area="6573.0" circumference="586.8183" >
<bounding_rect x="147" y="157" width="202" height="99" />
<centroid x="231" y="195" />
<points>
<point x="259" y="157" />
<point x="341" y="157" />
<point x="343" y="159" />
<point x="343" y="160" />
<point x="344" y="161" />
<point x="344" y="162" />
<point x="345" y="163" />
<point x="345" y="164" />
<point x="346" y="165" />
<point x="346" y="166" />
<point x="347" y="167" />
<point x="347" y="168" />
<point x="348" y="169" />
<point x="348" y="171" />
<point x="346" y="173" />
<point x="277" y="173" />
<point x="276" y="174" />
<point x="276" y="175" />
<point x="275" y="176" />
<point x="275" y="177" />
<point x="274" y="178" />
<point x="274" y="179" />
<point x="273" y="180" />
<point x="273" y="181" />
<point x="272" y="182" />
<point x="272" y="183" />
<point x="271" y="184" />
<point x="271" y="185" />
<point x="270" y="186" />
<point x="270" y="187" />
<point x="269" y="188" />
<point x="269" y="189" />
<point x="268" y="190" />
<point x="268" y="191" />
<point x="267" y="192" />
<point x="267" y="193" />
<point x="266" y="194" />
<point x="266" y="195" />
<point x="265" y="196" />
<point x="265" y="197" />
<point x="264" y="198" />
<point x="264" y="199" />
<point x="263" y="200" />
<point x="263" y="201" />
<point x="262" y="202" />
<point x="262" y="203" />
<point x="261" y="204" />
<point x="261" y="205" />
<point x="260" y="206" />
<point x="260" y="207" />
<point x="259" y="208" />
<point x="259" y="209" />
<point x="258" y="210" />
<point x="258" y="211" />
<point x="257" y="212" />
<point x="257" y="213" />
<point x="256" y="214" />
<point x="256" y="215" />
<point x="255" y="216" />
<point x="255" y="217" />
<point x="254" y="218" />
<point x="254" y="219" />
<point x="253" y="220" />
<point x="253" y="221" />
<point x="252" y="222" />
<point x="252" y="223" />
<point x="251" y="224" />
<point x="251" y="225" />
<point x="250" y="226" />
<point x="250" y="227" />
<point x="249" y="228" />
<point x="249" y="229" />
<point x="248" y="230" />
<point x="248" y="231" />
<point x="247" y="232" />
<point x="247" y="233" />
<point x="246" y="234" />
<point x="246" y="235" />
<point x="245" y="236" />
<point x="245" y="237" />
<point x="244" y="238" />
<point x="244" y="239" />
<point x="243" y="240" />
<point x="243" y="241" />
<point x="241" y="243" />
<point x="238" y="243" />
<point x="237" y="244" />
<point x="237" y="245" />
<point x="236" y="246" />
<point x="236" y="247" />
<point x="235" y="248" />
<point x="235" y="249" />
<point x="234" y="250" />
<point x="234" y="251" />
<point x="233" y="252" />
<point x="233" y="253" />
<point x="231" y="255" />
<point x="229" y="255" />
<point x="227" y="253" />
<point x="227" y="252" />
<point x="226" y="251" />
<point x="226" y="250" />
<point x="225" y="249" />
<point x="225" y="248" />
<point x="224" y="247" />
<point x="224" y="246" />
<point x="223" y="245" />
<point x="223" y="244" />
<point x="222" y="243" />
<point x="219" y="243" />
<point x="217" y="241" />
<point x="217" y="240" />
<point x="216" y="239" />
<point x="216" y="238" />
<point x="215" y="237" />
<point x="215" y="236" />
<point x="214" y="235" />
<point x="214" y="234" />
<point x="213" y="233" />
<point x="213" y="232" />
<point x="212" y="231" />
<point x="212" y="230" />
<point x="211" y="229" />
<point x="211" y="228" />
<point x="210" y="227" />
<point x="210" y="226" />
<point x="209" y="225" />
<point x="209" y="224" />
<point x="208" y="223" />
<point x="169" y="223" />
<point x="167" y="221" />
<point x="167" y="220" />
<point x="166" y="219" />
<point x="166" y="218" />
<point x="165" y="217" />
<point x="165" y="216" />
<point x="164" y="215" />
<point x="164" y="214" />
<point x="163" y="213" />
<point x="163" y="212" />
<point x="162" y="211" />
<point x="162" y="210" />
<point x="161" y="209" />
<point x="161" y="208" />
<point x="160" y="207" />
<point x="160" y="206" />
<point x="159" y="205" />
<point x="159" y="204" />
<point x="158" y="203" />
<point x="158" y="202" />
<point x="157" y="201" />
<point x="157" y="200" />
<point x="156" y="199" />
<point x="156" y="198" />
<point x="155" y="197" />
<point x="155" y="196" />
<point x="154" y="195" />
<point x="154" y="194" />
<point x="153" y="193" />
<point x="153" y="192" />
<point x="152" y="191" />
<point x="152" y="190" />
<point x="151" y="189" />
<point x="151" y="188" />
<point x="150" y="187" />
<point x="150" y="186" />
<point x="149" y="185" />
<point x="149" y="184" />
<point x="148" y="183" />
<point x="148" y="182" />
<point x="147" y="181" />
<point x="147" y="179" />
<point x="149" y="177" />
<point x="211" y="177" />
<point x="213" y="179" />
<point x="213" y="180" />
<point x="214" y="181" />
<point x="214" y="182" />
<point x="215" y="183" />
<point x="215" y="184" />
<point x="216" y="185" />
<point x="216" y="186" />
<point x="217" y="187" />
<point x="217" y="188" />
<point x="218" y="189" />
<point x="218" y="190" />
<point x="219" y="191" />
<point x="219" y="192" />
<point x="220" y="193" />
<point x="220" y="194" />
<point x="221" y="195" />
<point x="221" y="196" />
<point x="222" y="197" />
<point x="222" y="198" />
<point x="223" y="199" />
<point x="223" y="200" />
<point x="224" y="201" />
<point x="224" y="202" />
<point x="225" y="203" />
<point x="225" y="204" />
<point x="226" y="205" />
<point x="226" y="206" />
<point x="227" y="207" />
<point x="227" y="208" />
<point x="228" y="209" />
<point x="228" y="210" />
<point x="229" y="211" />
<point x="229" y="212" />
<point x="230" y="213" />
<point x="231" y="212" />
<point x="231" y="211" />
<point x="232" y="210" />
<point x="232" y="209" />
<point x="233" y="208" />
<point x="233" y="207" />
<point x="234" y="206" />
<point x="234" y="205" />
<point x="235" y="204" />
<point x="235" y="203" />
<point x="236" y="202" />
<point x="236" y="201" />
<point x="237" y="200" />
<point x="237" y="199" />
<point x="238" y="198" />
<point x="238" y="197" />
<point x="239" y="196" />
<point x="239" y="195" />
<point x="240" y="194" />
<point x="240" y="193" />
<point x="241" y="192" />
<point x="241" y="191" />
<point x="242" y="190" />
<point x="242" y="189" />
<point x="243" y="188" />
<point x="243" y="187" />
<point x="244" y="186" />
<point x="244" y="185" />
<point x="245" y="184" />
<point x="245" y="183" />
<point x="246" y="182" />
<point x="246" y="181" />
<point x="247" y="180" />
<point x="247" y="179" />
<point x="248" y="178" />
<point x="248" y="177" />
<point x="249" y="176" />
<point x="249" y="175" />
<point x="250" y="174" />
<point x="250" y="173" />
<point x="251" y="172" />
<point x="251" y="171" />
<point x="252" y="170" />
<point x="252" y="169" />
<point x="253" y="168" />
<point x="253" y="167" />
<point x="254" y="166" />
<point x="254" y="165" />
<point x="255" y="164" />
<point x="255" y="163" />
<point x="256" y="162" />
<point x="256" y="161" />
<point x="257" y="160" />
<point x="257" y="159" />
</points>
</blob>
<blob isHole="true" area="5561.0" circumference="328.2498" >
<bounding_rect x="347" y="157" width="97" height="99" />
<centroid x="397" y="193" />
<points>
<point x="349" y="157" />
<point x="431" y="157" />
<point x="433" y="159" />
<point x="433" y="160" />
<point x="434" y="161" />
<point x="434" y="162" />
<point x="435" y="163" />
<point x="435" y="164" />
<point x="436" y="165" />
<point x="436" y="166" />
<point x="437" y="167" />
<point x="437" y="168" />
<point x="438" y="169" />
<point x="438" y="170" />
<point x="439" y="171" />
<point x="439" y="172" />
<point x="440" y="173" />
<point x="440" y="174" />
<point x="441" y="175" />
<point x="441" y="176" />
<point x="442" y="177" />
<point x="442" y="178" />
<point x="443" y="179" />
<point x="443" y="181" />
<point x="442" y="182" />
<point x="442" y="183" />
<point x="441" y="184" />
<point x="441" y="185" />
<point x="440" y="186" />
<point x="440" y="187" />
<point x="439" y="188" />
<point x="439" y="189" />
<point x="438" y="190" />
<point x="438" y="191" />
<point x="437" y="192" />
<point x="437" y="193" />
<point x="436" y="194" />
<point x="436" y="195" />
<point x="435" y="196" />
<point x="435" y="197" />
<point x="434" y="198" />
<point x="434" y="199" />
<point x="433" y="200" />
<point x="433" y="201" />
<point x="432" y="202" />
<point x="432" y="203" />
<point x="431" y="204" />
<point x="431" y="205" />
<point x="430" y="206" />
<point x="430" y="207" />
<point x="429" y="208" />
<point x="429" y="209" />
<point x="428" y="210" />
<point x="428" y="211" />
<point x="427" y="212" />
<point x="427" y="213" />
<point x="426" y="214" />
<point x="426" y="215" />
<point x="425" y="216" />
<point x="425" y="217" />
<point x="424" y="218" />
<point x="424" y="219" />
<point x="423" y="220" />
<point x="423" y="221" />
<point x="422" y="222" />
<point x="422" y="223" />
<point x="421" y="224" />
<point x="421" y="225" />
<point x="420" y="226" />
<point x="420" y="227" />
<point x="419" y="228" />
<point x="419" y="229" />
<point x="418" y="230" />
<point x="418" y="231" />
<point x="417" y="232" />
<point x="417" y="233" />
<point x="416" y="234" />
<point x="416" y="235" />
<point x="415" y="236" />
<point x="415" y="237" />
<point x="414" y="238" />
<point x="414" y="239" />
<point x="413" y="240" />
<point x="413" y="241" />
<point x="411" y="243" />
<point x="408" y="243" />
<point x="407" y="244" />
<point x="407" y="245" />
<point x="406" y="246" />
<point x="406" y="247" />
<point x="405" y="248" />
<point x="405" y="249" />
<point x="404" y="250" />
<point x="404" y="251" />
<point x="403" y="252" />
<point x="403" y="253" />
<point x="401" y="255" />
<point x="399" y="255" />
<point x="397" y="253" />
<point x="397" y="252" />
<point x="396" y="251" />
<point x="396" y="250" />
<point x="395" y="249" />
<point x="395" y="248" />
<point x="394" y="247" />
<point x="394" y="246" />
<point x="393" y="245" />
<point x="393" y="244" />
<point x="392" y="243" />
<point x="389" y="243" />
<point x="387" y="241" />
<point x="387" y="240" />
<point x="386" y="239" />
<point x="386" y="238" />
<point x="385" y="237" />
<point x="385" y="236" />
<point x="384" y="235" />
<point x="384" y="234" />
<point x="383" y="233" />
<point x="383" y="232" />
<point x="382" y="231" />
<point x="382" y="230" />
<point x="381" y="229" />
<point x="381" y="228" />
<point x="380" y="227" />
<point x="380" y="226" />
<point x="379" y="225" />
<point x="379" y="224" />
<point x="378" y="223" />
<point x="378" y="222" />
<point x="377" y="221" />
<point x="377" y="220" />
<point x="376" y="219" />
<point x="376" y="218" />
<point x="375" y="217" />
<point x="375" y="216" />
<point x="374" y="215" />
<point x="374" y="214" />
<point x="373" y="213" />
<point x="373" y="212" />
<point x="372" y="211" />
<point x="372" y="210" />
<point x="371" y="209" />
<point x="371" y="208" />
<point x="370" y="207" />
<point x="370" y="206" />
<point x="369" y="205" />
<point x="369" y="204" />
<point x="368" y="203" />
<point x="368" y="202" />
<point x="367" y="201" />
<point x="367" y="200" />
<point x="366" y="199" />
<point x="366" y="198" />
<point x="365" y="197" />
<point x="365" y="196" />
<point x="364" y="195" />
<point x="364" y="194" />
<point x="363" y="193" />
<point x="363" y="192" />
<point x="362" y="191" />
<point x="362" y="190" />
<point x="361" y="189" />
<point x="361" y="188" />
<point x="360" y="187" />
<point x="360" y="186" />
<point x="359" y="185" />
<point x="359" y="184" />
<point x="358" y="183" />
<point x="358" y="182" />
<point x="357" y="181" />
<point x="357" y="180" />
<point x="356" y="179" />
<point x="356" y="178" />
<point x="355" y="177" />
<point x="355" y="176" />
<point x="354" y="175" />
<point x="354" y="174" />
<point x="353" y="173" />
<point x="353" y="172" />
<point x="352" y="171" />
<point x="352" y="170" />
<point x="351" y="169" />
<point x="351" y="168" />
<point x="350" y="167" />
<point x="350" y="166" />
<point x="349" y="165" />
<point x="349" y="164" />
<point x="348" y="163" />
<point x="348" y="162" />
<point x="347" y="161" />
<point x="347" y="159" />
</points>
</blob>
<blob isHole="true" area="5561.0" circumference="328.2498" >
<bounding_rect x="407" y="267" width="97" height="99" />
<centroid x="457" y="303" />
<points>
<point x="409" y="267" />
<point x="491" y="267" />
<point x="493" y="269" />
<point x="493" y="270" />
<point x="494" y="271" />
<point x="494" y="272" />
<point x="495" y="273" />
<point x="495" y="274" />
<point x="496" y="275" />
<point x="496" y="276" />
<point x="497" y="277" />
<point x="497" y="278" />
<point x="498" y="279" />
<point x="498" y="280" />
<point x="499" y="281" />
<point x="499" y="282" />
<point x="500" y="283" />
<point x="500" y="284" />
<point x="501" y="285" />
<point x="501" y="286" />
<point x="502" y="287" />
<point x="502" y="288" />
<point x="503" y="289" />
<point x="503" y="291" />
<point x="502" y="292" />
<point x="502" y="293" />
<point x="501" y="294" />
<point x="501" y="295" />
<point x="500" y="296" />
<point x="500" y="297" />
<point x="499" y="298" />
<point x="499" y="299" />
<point x="498" y="300" />
<point x="498" y="301" />
<point x="497" y="302" />
<point x="497" y="303" />
<point x="496" y="304" />
<point x="496" y="305" />
<point x="495" y="306" />
<point x="495" y="307" />
<point x="494" y="308" />
<point x="494" y="309" />
<point x="493" y="310" />
<point x="493" y="311" />
<point x="492" y="312" />
<point x="492" y="313" />
<point x="491" y="314" />
<point x="491" y="315" />
<point x="490" y="316" />
<point x="490" y="317" />
<point x="489" y="318" />
<point x="489" y="319" />
<point x="488" y="320" />
<point x="488" y="321" />
<point x="487" y="322" />
<point x="487" y="323" />
<point x="486" y="324" />
<point x="486" y="325" />
<point x="485" y="326" />
<point x="485" y="327" />
<point x="484" y="328" />
<point x="484" y="329" />
<point x="483" y="330" />
<point x="483" y="331" />
<point x="482" y="332" />
<point x="482" y="333" />
<point x="481" y="334" />
<point x="481" y="335" />
<point x="480" y="336" />
<point x="480" y="337" />
<point x="479" y="338" />
<point x="479" y="339" />
<point x="478" y="340" />
<point x="478" y="341" />
<point x="477" y="342" />
<point x="477" y="343" />
<point x="476" y="344" />
<point x="476" y="345" />
<point x="475" y="346" />
<point x="475" y="347" />
<point x="474" y="348" />
<point x="474" y="349" />
<point x="473" y="350" />
<point x="473" y="351" />
<point x="471" y="353" />
<point x="468" y="353" />
<point x="467" y="354" />
<point x="467" y="355" />
<point x="466" y="356" />
<point x="466" y="357" />
<point x="465" y="358" />
<point x="465" y="359" />
<point x="464" y="360" />
<point x="464" y="361" />
<point x="463" y="362" />
<point x="463" y="363" />
<point x="461" y="365" />
<point x="459" y="365" />
<point x="457" y="363" />
<point x="457" y="362" />
<point x="456" y="361" />
<point x="456" y="360" />
<point x="455" y="359" />
<point x="455" y="358" />
<point x="454" y="357" />
<point x="454" y="356" />
<point x="453" y="355" />
<point x="453" y="354" />
<point x="452" y="353" />
<point x="449" y="353" />
<point x="447" y="351" />
<point x="447" y="350" />
<point x="446" y="349" />
<point x="446" y="348" />
<point x="445" y="347" />
<point x="445" y="346" />
<point x="444" y="345" />
<point x="444" y="344" />
<point x="443" y="343" />
<point x="443" y="342" />
<point x="442" y="341" />
<point x="442" y="340" />
<point x="441" y="339" />
<point x="441" y="338" />
<point x="440" y="337" />
<point x="440" y="336" />
<point x="439" y="335" />
<point x="439" y="334" />
<point x="438" y="333" />
<point x="438" y="332" />
<point x="437" y="331" />
<point x="437" y="330" />
<point x="436" y="329" />
<point x="436" y="328" />
<point x="435" y="327" />
<point x="435" y="326" />
<point x="434" y="325" />
<point x="434" y="324" />
<point x="433" y="323" />
<point x="433" y="322" />
<point x="432" y="321" />
<point x="432" y="320" />
<point x="431" y="319" />
<point x="431" y="318" />
<point x="430" y="317" />
<point x="430" y="316" />
<point x="429" y="315" />
<point x="429" y="314" />
<point x="428" y="313" />
<point x="428" y="312" />
<point x="427" y="311" />
<point x="427" y="310" />
<point x="426" y="309" />
<point x="426" y="308" />
<point x="425" y="307" />
<point x="425" y="306" />
<point x="424" y="305" />
<point x="424" y="304" />
<point x="423" y="303" />
<point x="423" y="302" />
<point x="422" y="301" />
<point x="422" y="300" />
<point x="421" y="299" />
<point x="421" y="298" />
<point x="420" y="297" />
<point x="420" y="296" />
<point x="419" y="295" />
<point x="419" y="294" />
<point x="418" y="293" />
<point x="418" y="292" />
<point x="417" y="291" />
<point x="417" y="290" />
<point x="416" y="289" />
<point x="416" y="288" />
<point x="415" y="287" />
<point x="415" y="286" />
<point x="414" y="285" />
<point x="414" y="284" />
<point x="413" y="283" />
<point x="413" y="282" />
<point x="412" y="281" />
<point x="412" y="280" />
<point x="411" y="279" />
<point x="411" y="278" />
<point x="410" y="277" />
<point x="410" y="276" />
<point x="409" y="275" />
<point x="409" y="274" />
<point x="408" y="273" />
<point x="408" y="272" />
<point x="407" y="271" />
<point x="407" y="269" />
</points>
</blob>
<blob isHole="true" area="5065.0" circumference="431.3625" >
<bounding_rect x="237" y="267" width="97" height="99" />
<centroid x="281" y="301" />
<points>
<point x="249" y="267" />
<point x="331" y="267" />
<point x="333" y="269" />
<point x="333" y="271" />
<point x="332" y="272" />
<point x="332" y="273" />
<point x="331" y="274" />
<point x="331" y="275" />
<point x="330" y="276" />
<point x="330" y="277" />
<point x="329" y="278" />
<point x="329" y="279" />
<point x="328" y="280" />
<point x="328" y="281" />
<point x="327" y="282" />
<point x="327" y="283" />
<point x="326" y="284" />
<point x="326" y="285" />
<point x="325" y="286" />
<point x="325" y="287" />
<point x="324" y="288" />
<point x="324" y="289" />
<point x="323" y="290" />
<point x="323" y="291" />
<point x="322" y="292" />
<point x="322" y="293" />
<point x="321" y="294" />
<point x="321" y="295" />
<point x="320" y="296" />
<point x="320" y="297" />
<point x="319" y="298" />
<point x="319" y="299" />
<point x="318" y="300" />
<point x="318" y="301" />
<point x="317" y="302" />
<point x="317" y="303" />
<point x="316" y="304" />
<point x="316" y="305" />
<point x="315" y="306" />
<point x="315" y="307" />
<point x="314" y="308" />
<point x="314" y="309" />
<point x="313" y="310" />
<point x="313" y="311" />
<point x="311" y="313" />
<point x="279" y="313" />
<point x="277" y="311" />
<point x="277" y="310" />
<point x="276" y="309" />
<point x="276" y="308" />
<point x="275" y="307" />
<point x="275" y="306" />
<point x="274" y="305" />
<point x="274" y="304" />
<point x="273" y="303" />
<point x="273" y="302" />
<point x="272" y="301" />
<point x="272" y="300" />
<point x="271" y="299" />
<point x="271" y="298" />
<point x="270" y="297" />
<point x="270" y="296" />
<point x="269" y="295" />
<point x="269" y="294" />
<point x="268" y="293" />
<point x="265" y="293" />
<point x="265" y="294" />
<point x="266" y="295" />
<point x="266" y="296" />
<point x="267" y="297" />
<point x="267" y="298" />
<point x="268" y="299" />
<point x="268" y="300" />
<point x="269" y="301" />
<point x="269" y="302" />
<point x="270" y="303" />
<point x="270" y="304" />
<point x="271" y="305" />
<point x="271" y="306" />
<point x="272" y="307" />
<point x="272" y="308" />
<point x="273" y="309" />
<point x="273" y="310" />
<point x="274" y="311" />
<point x="274" y="312" />
<point x="275" y="313" />
<point x="275" y="314" />
<point x="276" y="315" />
<point x="276" y="316" />
<point x="277" y="317" />
<point x="277" y="318" />
<point x="278" y="319" />
<point x="278" y="320" />
<point x="279" y="321" />
<point x="279" y="322" />
<point x="280" y="323" />
<point x="280" y="324" />
<point x="281" y="325" />
<point x="281" y="326" />
<point x="282" y="327" />
<point x="301" y="327" />
<point x="303" y="329" />
<point x="303" y="331" />
<point x="302" y="332" />
<point x="302" y="333" />
<point x="301" y="334" />
<point x="301" y="335" />
<point x="300" y="336" />
<point x="300" y="337" />
<point x="299" y="338" />
<point x="299" y="339" />
<point x="298" y="340" />
<point x="298" y="341" />
<point x="297" y="342" />
<point x="297" y="343" />
<point x="296" y="344" />
<point x="296" y="345" />
<point x="295" y="346" />
<point x="295" y="347" />
<point x="294" y="348" />
<point x="294" y="349" />
<point x="293" y="350" />
<point x="293" y="351" />
<point x="291" y="353" />
<point x="288" y="353" />
<point x="287" y="354" />
<point x="287" y="355" />
<point x="286" y="356" />
<point x="286" y="357" />
<point x="285" y="358" />
<point x="285" y="359" />
<point x="284" y="360" />
<point x="284" y="361" />
<point x="283" y="362" />
<point x="283" y="363" />
<point x="281" y="365" />
<point x="279" y="365" />
<point x="277" y="363" />
<point x="277" y="362" />
<point x="276" y="361" />
<point x="276" y="360" />
<point x="275" y="359" />
<point x="275" y="358" />
<point x="274" y="357" />
<point x="274" y="356" />
<point x="273" y="355" />
<point x="273" y="354" />
<point x="272" y="353" />
<point x="269" y="353" />
<point x="267" y="351" />
<point x="267" y="350" />
<point x="266" y="349" />
<point x="266" y="348" />
<point x="265" y="347" />
<point x="265" y="346" />
<point x="264" y="345" />
<point x="264" y="344" />
<point x="263" y="343" />
<point x="263" y="342" />
<point x="262" y="341" />
<point x="262" y="340" />
<point x="261" y="339" />
<point x="261" y="338" />
<point x="260" y="337" />
<point x="260" y="336" />
<point x="259" y="335" />
<point x="259" y="334" />
<point x="258" y="333" />
<point x="258" y="332" />
<point x="257" y="331" />
<point x="257" y="330" />
<point x="256" y="329" />
<point x="256" y="328" />
<point x="255" y="327" />
<point x="255" y="326" />
<point x="254" y="325" />
<point x="254" y="324" />
<point x="253" y="323" />
<point x="253" y="322" />
<point x="252" y="321" />
<point x="252" y="320" />
<point x="251" y="319" />
<point x="251" y="318" />
<point x="250" y="317" />
<point x="250" y="316" />
<point x="249" y="315" />
<point x="249" y="314" />
<point x="248" y="313" />
<point x="248" y="312" />
<point x="247" y="311" />
<point x="247" y="310" />
<point x="246" y="309" />
<point x="246" y="308" />
<point x="245" y="307" />
<point x="245" y="306" />
<point x="244" y="305" />
<point x="244" y="304" />
<point x="243" y="303" />
<point x="243" y="302" />
<point x="242" y="301" />
<point x="242" y="300" />
<point x="241" y="299" />
<point x="241" y="298" />
<point x="240" y="297" />
<point x="240" y="296" />
<point x="239" y="295" />
<point x="239" y="294" />
<point x="238" y="293" />
<point x="238" y="292" />
<point x="237" y="291" />
<point x="237" y="289" />
<point x="238" y="288" />
<point x="238" y="287" />
<point x="239" y="286" />
<point x="239" y="285" />
<point x="240" y="284" />
<point x="240" y="283" />
<point x="241" y="282" />
<point x="241" y="281" />
<point x="242" y="280" />
<point x="242" y="279" />
<point x="243" y="278" />
<point x="243" y="277" />
<point x="244" y="276" />
<point x="244" y="275" />
<point x="245" y="274" />
<point x="245" y="273" />
<point x="246" y="272" />
<point x="246" y="271" />
<point x="247" y="270" />
<point x="247" y="269" />
</points>
</blob>
<blob isHole="true" area="4627.0" circumference="448.13202" >
<bounding_rect x="287" y="287" width="97" height="87" />
<centroid x="334" y="330" />
<points>
<point x="329" y="287" />
<point x="351" y="287" />
<point x="353" y="289" />
<point x="353" y="291" />
<point x="352" y="292" />
<point x="352" y="293" />
<point x="351" y="294" />
<point x="351" y="295" />
<point x="350" y="296" />
<point x="350" y="297" />
<point x="349" y="298" />
<point x="349" y="299" />
<point x="348" y="300" />
<point x="348" y="301" />
<point x="347" y="302" />
<point x="347" y="303" />
<point x="346" y="304" />
<point x="346" y="305" />
<point x="345" y="306" />
<point x="345" y="307" />
<point x="344" y="308" />
<point x="344" y="309" />
<point x="343" y="310" />
<point x="343" y="311" />
<point x="342" y="312" />
<point x="342" y="313" />
<point x="341" y="314" />
<point x="341" y="315" />
<point x="340" y="316" />
<point x="340" y="317" />
<point x="339" y="318" />
<point x="339" y="319" />
<point x="338" y="320" />
<point x="338" y="321" />
<point x="337" y="322" />
<point x="337" y="323" />
<point x="336" y="324" />
<point x="336" y="325" />
<point x="335" y="326" />
<point x="335" y="327" />
<point x="338" y="327" />
<point x="339" y="326" />
<point x="339" y="325" />
<point x="340" y="324" />
<point x="340" y="323" />
<point x="341" y="322" />
<point x="341" y="321" />
<point x="342" y="320" />
<point x="342" y="319" />
<point x="343" y="318" />
<point x="343" y="317" />
<point x="344" y="316" />
<point x="344" y="315" />
<point x="345" y="314" />
<point x="345" y="313" />
<point x="346" y="312" />
<point x="346" y="311" />
<point x="347" y="310" />
<point x="347" y="309" />
<point x="348" y="308" />
<point x="348" y="307" />
<point x="349" y="306" />
<point x="349" y="305" />
<point x="350" y="304" />
<point x="350" y="303" />
<point x="351" y="302" />
<point x="351" y="301" />
<point x="352" y="300" />
<point x="352" y="299" />
<point x="353" y="298" />
<point x="353" y="297" />
<point x="354" y="296" />
<point x="354" y="295" />
<point x="355" y="294" />
<point x="355" y="293" />
<point x="356" y="292" />
<point x="356" y="291" />
<point x="357" y="290" />
<point x="357" y="289" />
<point x="359" y="287" />
<point x="381" y="287" />
<point x="383" y="289" />
<point x="383" y="291" />
<point x="382" y="292" />
<point x="382" y="293" />
<point x="381" y="294" />
<point x="381" y="295" />
<point x="380" y="296" />
<point x="380" y="297" />
<point x="379" y="298" />
<point x="379" y="299" />
<point x="378" y="300" />
<point x="378" y="301" />
<point x="377" y="302" />
<point x="377" y="303" />
<point x="376" y="304" />
<point x="376" y="305" />
<point x="375" y="306" />
<point x="375" y="307" />
<point x="374" y="308" />
<point x="374" y="309" />
<point x="373" y="310" />
<point x="373" y="311" />
<point x="372" y="312" />
<point x="372" y="313" />
<point x="371" y="314" />
<point x="371" y="315" />
<point x="370" y="316" />
<point x="370" y="317" />
<point x="369" y="318" />
<point x="369" y="319" />
<point x="368" y="320" />
<point x="368" y="321" />
<point x="367" y="322" />
<point x="367" y="323" />
<point x="366" y="324" />
<point x="366" y="325" />
<point x="365" y="326" />
<point x="365" y="327" />
<point x="364" y="328" />
<point x="364" y="329" />
<point x="363" y="330" />
<point x="363" y="331" />
<point x="362" y="332" />
<point x="362" y="333" />
<point x="361" y="334" />
<point x="361" y="335" />
<point x="360" y="336" />
<point x="360" y="337" />
<point x="359" y="338" />
<point x="359" y="339" />
<point x="358" y="340" />
<point x="358" y="341" />
<point x="357" y="342" />
<point x="357" y="343" />
<point x="356" y="344" />
<point x="356" y="345" />
<point x="355" y="346" />
<point x="355" y="347" />
<point x="354" y="348" />
<point x="354" y="349" />
<point x="353" y="350" />
<point x="353" y="351" />
<point x="352" y="352" />
<point x="352" y="353" />
<point x="351" y="354" />
<point x="351" y="355" />
<point x="350" y="356" />
<point x="350" y="357" />
<point x="349" y="358" />
<point x="349" y="359" />
<point x="348" y="360" />
<point x="348" y="361" />
<point x="347" y="362" />
<point x="347" y="363" />
<point x="346" y="364" />
<point x="346" y="365" />
<point x="345" y="366" />
<point x="345" y="367" />
<point x="344" y="368" />
<point x="344" y="369" />
<point x="343" y="370" />
<point x="343" y="371" />
<point x="341" y="373" />
<point x="319" y="373" />
<point x="317" y="371" />
<point x="317" y="369" />
<point x="318" y="368" />
<point x="318" y="367" />
<point x="319" y="366" />
<point x="319" y="365" />
<point x="320" y="364" />
<point x="320" y="363" />
<point x="321" y="362" />
<point x="321" y="361" />
<point x="322" y="360" />
<point x="322" y="359" />
<point x="323" y="358" />
<point x="323" y="357" />
<point x="324" y="356" />
<point x="324" y="355" />
<point x="325" y="354" />
<point x="325" y="353" />
<point x="322" y="353" />
<point x="321" y="354" />
<point x="321" y="355" />
<point x="320" y="356" />
<point x="320" y="357" />
<point x="319" y="358" />
<point x="319" y="359" />
<point x="318" y="360" />
<point x="318" y="361" />
<point x="317" y="362" />
<point x="317" y="363" />
<point x="316" y="364" />
<point x="316" y="365" />
<point x="315" y="366" />
<point x="315" y="367" />
<point x="314" y="368" />
<point x="314" y="369" />
<point x="313" y="370" />
<point x="313" y="371" />
<point x="311" y="373" />
<point x="289" y="373" />
<point x="287" y="371" />
<point x="287" y="369" />
<point x="288" y="368" />
<point x="288" y="367" />
<point x="289" y="366" />
<point x="289" y="365" />
<point x="290" y="364" />
<point x="290" y="363" />
<point x="291" y="362" />
<point x="291" y="361" />
<point x="292" y="360" />
<point x="292" y="359" />
<point x="293" y="358" />
<point x="293" y="357" />
<point x="294" y="356" />
<point x="294" y="355" />
<point x="295" y="354" />
<point x="295" y="353" />
<point x="296" y="352" />
<point x="296" y="351" />
<point x="297" y="350" />
<point x="297" y="349" />
<point x="298" y="348" />
<point x="298" y="347" />
<point x="299" y="346" />
<point x="299" y="345" />
<point x="300" y="344" />
<point x="300" y="343" />
<point x="301" y="342" />
<point x="301" y="341" />
<point x="302" y="340" />
<point x="302" y="339" />
<point x="303" y="338" />
<point x="303" y="337" />
<point x="304" y="336" />
<point x="304" y="335" />
<point x="305" y="334" />
<point x="305" y="333" />
<point x="306" y="332" />
<point x="306" y="331" />
<point x="307" y="330" />
<point x="307" y="329" />
<point x="308" y="328" />
<point x="308" y="327" />
<point x="309" y="326" />
<point x="309" y="325" />
<point x="310" y="324" />
<point x="310" y="323" />
<point x="311" y="322" />
<point x="311" y="321" />
<point x="312" y="320" />
<point x="312" y="319" />
<point x="313" y="318" />
<point x="313" y="317" />
<point x="314" y="316" />
<point x="314" y="315" />
<point x="315" y="314" />
<point x="315" y="313" />
<point x="316" y="312" />
<point x="316" y="311" />
<point x="317" y="310" />
<point x="317" y="309" />
<point x="318" y="308" />
<point x="318" y="307" />
<point x="319" y="306" />
<point x="319" y="305" />
<point x="320" y="304" />
<point x="320" y="303" />
<point x="321" y="302" />
<point x="321" y="301" />
<point x="322" y="300" />
<point x="322" y="299" />
<point x="323" y="298" />
<point x="323" y="297" />
<point x="324" y="296" />
<point x="324" y="295" />
<point x="325" y="294" />
<point x="325" y="293" />
<point x="326" y="292" />
<point x="326" y="291" />
<point x="327" y="290" />
<point x="327" y="289" />
</points>
</blob>
<blob isHole="true" area="3410.5" circumference="339.865" >
<bounding_rect x="353" y="287" width="81" height="87" />
<centroid x="389" y="339" />
<points>
<point x="389" y="287" />
<point x="411" y="287" />
<point x="413" y="289" />
<point x="413" y="291" />
<point x="412" y="292" />
<point x="412" y="293" />
<point x="411" y="294" />
<point x="411" y="295" />
<point x="410" y="296" />
<point x="410" y="297" />
<point x="409" y="298" />
<point x="409" y="299" />
<point x="408" y="300" />
<point x="408" y="301" />
<point x="407" y="302" />
<point x="407" y="303" />
<point x="406" y="304" />
<point x="406" y="305" />
<point x="405" y="306" />
<point x="405" y="307" />
<point x="404" y="308" />
<point x="404" y="309" />
<point x="403" y="310" />
<point x="403" y="311" />
<point x="402" y="312" />
<point x="402" y="313" />
<point x="401" y="314" />
<point x="401" y="315" />
<point x="400" y="316" />
<point x="400" y="317" />
<point x="399" y="318" />
<point x="399" y="319" />
<point x="398" y="320" />
<point x="398" y="321" />
<point x="397" y="322" />
<point x="397" y="323" />
<point x="396" y="324" />
<point x="396" y="325" />
<point x="395" y="326" />
<point x="395" y="327" />
<point x="394" y="328" />
<point x="394" y="329" />
<point x="393" y="330" />
<point x="393" y="331" />
<point x="392" y="332" />
<point x="392" y="333" />
<point x="391" y="334" />
<point x="391" y="335" />
<point x="390" y="336" />
<point x="390" y="337" />
<point x="389" y="338" />
<point x="389" y="339" />
<point x="388" y="340" />
<point x="388" y="341" />
<point x="387" y="342" />
<point x="387" y="343" />
<point x="386" y="344" />
<point x="386" y="345" />
<point x="385" y="346" />
<point x="385" y="347" />
<point x="431" y="347" />
<point x="433" y="349" />
<point x="433" y="351" />
<point x="432" y="352" />
<point x="432" y="353" />
<point x="431" y="354" />
<point x="431" y="355" />
<point x="430" y="356" />
<point x="430" y="357" />
<point x="429" y="358" />
<point x="429" y="359" />
<point x="428" y="360" />
<point x="428" y="361" />
<point x="427" y="362" />
<point x="427" y="363" />
<point x="426" y="364" />
<point x="426" y="365" />
<point x="425" y="366" />
<point x="425" y="367" />
<point x="424" y="368" />
<point x="424" y="369" />
<point x="423" y="370" />
<point x="423" y="371" />
<point x="421" y="373" />
<point x="369" y="373" />
<point x="367" y="371" />
<point x="367" y="370" />
<point x="366" y="369" />
<point x="355" y="369" />
<point x="353" y="367" />
<point x="353" y="365" />
<point x="354" y="364" />
<point x="354" y="363" />
<point x="355" y="362" />
<point x="355" y="361" />
<point x="356" y="360" />
<point x="356" y="359" />
<point x="357" y="358" />
<point x="357" y="357" />
<point x="358" y="356" />
<point x="358" y="355" />
<point x="359" y="354" />
<point x="358" y="353" />
<point x="358" y="352" />
<point x="357" y="351" />
<point x="357" y="349" />
<point x="358" y="348" />
<point x="358" y="347" />
<point x="359" y="346" />
<point x="359" y="345" />
<point x="360" y="344" />
<point x="360" y="343" />
<point x="361" y="342" />
<point x="361" y="341" />
<point x="362" y="340" />
<point x="362" y="339" />
<point x="363" y="338" />
<point x="363" y="337" />
<point x="364" y="336" />
<point x="364" y="335" />
<point x="365" y="334" />
<point x="365" y="333" />
<point x="366" y="332" />
<point x="366" y="331" />
<point x="367" y="330" />
<point x="367" y="329" />
<point x="368" y="328" />
<point x="368" y="327" />
<point x="369" y="326" />
<point x="369" y="325" />
<point x="370" y="324" />
<point x="370" y="323" />
<point x="371" y="322" />
<point x="371" y="321" />
<point x="372" y="320" />
<point x="372" y="319" />
<point x="373" y="318" />
<point x="373" y="317" />
<point x="374" y="316" />
<point x="374" y="315" />
<point x="375" y="314" />
<point x="375" y="313" />
<point x="376" y="312" />
<point x="376" y="311" />
<point x="377" y="310" />
<point x="377" y="309" />
<point x="378" y="308" />
<point x="378" y="307" />
<point x="379" y="306" />
<point x="379" y="305" />
<point x="380" y="304" />
<point x="380" y="303" />
<point x="381" y="302" />
<point x="381" y="301" />
<point x="382" y="300" />
<point x="382" y="299" />
<point x="383" y="298" />
<point x="383" y="297" />
<point x="384" y="296" />
<point x="384" y="295" />
<point x="385" y="294" />
<point x="385" y="293" />
<point x="386" y="292" />
<point x="386" y="291" />
<point x="387" y="290" />
<point x="387" y="289" />
</points>
</blob>
<blob isHole="true" area="3311.0" circumference="239.96552" >
<bounding_rect x="317" y="185" width="67" height="79" />
<centroid x="350" y="231" />
<points>
<point x="349" y="185" />
<point x="351" y="185" />
<point x="353" y="187" />
<point x="353" y="188" />
<point x="354" y="189" />
<point x="354" y="190" />
<point x="355" y="191" />
<point x="355" y="192" />
<point x="356" y="193" />
<point x="356" y="194" />
<point x="357" y="195" />
<point x="357" y="196" />
<point x="358" y="197" />
<point x="361" y="197" />
<point x="363" y="199" />
<point x="363" y="200" />
<point x="364" y="201" />
<point x="364" y="202" />
<point x="365" y="203" />
<point x="365" y="204" />
<point x="366" y="205" />
<point x="366" y="206" />
<point x="367" y="207" />
<point x="367" y="208" />
<point x="368" y="209" />
<point x="368" y="210" />
<point x="369" y="211" />
<point x="369" y="212" />
<point x="370" y="213" />
<point x="370" y="214" />
<point x="371" y="215" />
<point x="371" y="216" />
<point x="372" y="217" />
<point x="372" y="218" />
<point x="373" y="219" />
<point x="373" y="220" />
<point x="374" y="221" />
<point x="374" y="222" />
<point x="375" y="223" />
<point x="375" y="224" />
<point x="376" y="225" />
<point x="376" y="226" />
<point x="377" y="227" />
<point x="377" y="228" />
<point x="378" y="229" />
<point x="378" y="230" />
<point x="379" y="231" />
<point x="379" y="232" />
<point x="380" y="233" />
<point x="380" y="234" />
<point x="381" y="235" />
<point x="381" y="236" />
<point x="382" y="237" />
<point x="382" y="238" />
<point x="383" y="239" />
<point x="383" y="241" />
<point x="382" y="242" />
<point x="382" y="243" />
<point x="381" y="244" />
<point x="381" y="245" />
<point x="380" y="246" />
<point x="380" y="247" />
<point x="379" y="248" />
<point x="379" y="249" />
<point x="378" y="250" />
<point x="378" y="251" />
<point x="377" y="252" />
<point x="377" y="253" />
<point x="376" y="254" />
<point x="376" y="255" />
<point x="375" y="256" />
<point x="375" y="257" />
<point x="374" y="258" />
<point x="374" y="259" />
<point x="373" y="260" />
<point x="373" y="261" />
<point x="371" y="263" />
<point x="329" y="263" />
<point x="327" y="261" />
<point x="327" y="260" />
<point x="326" y="259" />
<point x="326" y="258" />
<point x="325" y="257" />
<point x="325" y="256" />
<point x="324" y="255" />
<point x="324" y="254" />
<point x="323" y="253" />
<point x="323" y="252" />
<point x="322" y="251" />
<point x="322" y="250" />
<point x="321" y="249" />
<point x="321" y="248" />
<point x="320" y="247" />
<point x="320" y="246" />
<point x="319" y="245" />
<point x="319" y="244" />
<point x="318" y="243" />
<point x="318" y="242" />
<point x="317" y="241" />
<point x="317" y="239" />
<point x="318" y="238" />
<point x="318" y="237" />
<point x="319" y="236" />
<point x="319" y="235" />
<point x="320" y="234" />
<point x="320" y="233" />
<point x="321" y="232" />
<point x="321" y="231" />
<point x="322" y="230" />
<point x="322" y="229" />
<point x="323" y="228" />
<point x="323" y="227" />
<point x="324" y="226" />
<point x="324" y="225" />
<point x="325" y="224" />
<point x="325" y="223" />
<point x="326" y="222" />
<point x="326" y="221" />
<point x="327" y="220" />
<point x="327" y="219" />
<point x="328" y="218" />
<point x="328" y="217" />
<point x="329" y="216" />
<point x="329" y="215" />
<point x="330" y="214" />
<point x="330" y="213" />
<point x="331" y="212" />
<point x="331" y="211" />
<point x="332" y="210" />
<point x="332" y="209" />
<point x="333" y="208" />
<point x="333" y="207" />
<point x="334" y="206" />
<point x="334" y="205" />
<point x="335" y="204" />
<point x="335" y="203" />
<point x="336" y="202" />
<point x="336" y="201" />
<point x="337" y="200" />
<point x="337" y="199" />
<point x="339" y="197" />
<point x="342" y="197" />
<point x="343" y="196" />
<point x="343" y="195" />
<point x="344" y="194" />
<point x="344" y="193" />
<point x="345" y="192" />
<point x="345" y="191" />
<point x="346" y="190" />
<point x="346" y="189" />
<point x="347" y="188" />
<point x="347" y="187" />
</points>
</blob>
<blob isHole="true" area="3311.0" circumference="239.96552" >
<bounding_rect x="417" y="185" width="67" height="79" />
<centroid x="450" y="231" />
<points>
<point x="449" y="185" />
<point x="451" y="185" />
<point x="453" y="187" />
<point x="453" y="188" />
<point x="454" y="189" />
<point x="454" y="190" />
<point x="455" y="191" />
<point x="455" y="192" />
<point x="456" y="193" />
<point x="456" y="194" />
<point x="457" y="195" />
<point x="457" y="196" />
<point x="458" y="197" />
<point x="461" y="197" />
<point x="463" y="199" />
<point x="463" y="200" />
<point x="464" y="201" />
<point x="464" y="202" />
<point x="465" y="203" />
<point x="465" y="204" />
<point x="466" y="205" />
<point x="466" y="206" />
<point x="467" y="207" />
<point x="467" y="208" />
<point x="468" y="209" />
<point x="468" y="210" />
<point x="469" y="211" />
<point x="469" y="212" />
<point x="470" y="213" />
<point x="470" y="214" />
<point x="471" y="215" />
<point x="471" y="216" />
<point x="472" y="217" />
<point x="472" y="218" />
<point x="473" y="219" />
<point x="473" y="220" />
<point x="474" y="221" />
<point x="474" y="222" />
<point x="475" y="223" />
<point x="475" y="224" />
<point x="476" y="225" />
<point x="476" y="226" />
<point x="477" y="227" />
<point x="477" y="228" />
<point x="478" y="229" />
<point x="478" y="230" />
<point x="479" y="231" />
<point x="479" y="232" />
<point x="480" y="233" />
<point x="480" y="234" />
<point x="481" y="235" />
<point x="481" y="236" />
<point x="482" y="237" />
<point x="482" y="238" />
<point x="483" y="239" />
<point x="483" y="241" />
<point x="482" y="242" />
<point x="482" y="243" />
<point x="481" y="244" />
<point x="481" y="245" />
<point x="480" y="246" />
<point x="480" y="247" />
<point x="479" y="248" />
<point x="479" y="249" />
<point x="478" y="250" />
<point x="478" y="251" />
<point x="477" y="252" />
<point x="477" y="253" />
<point x="476" y="254" />
<point x="476" y="255" />
<point x="475" y="256" />
<point x="475" y="257" />
<point x="474" y="258" />
<point x="474" y="259" />
<point x="473" y="260" />
<point x="473" y="261" />
<point x="471" y="263" />
<point x="429" y="263" />
<point x="427" y="261" />
<point x="427" y="260" />
<point x="426" y="259" />
<point x="426" y="258" />
<point x="425" y="257" />
<point x="425" y="256" />
<point x="424" y="255" />
<point x="424" y="254" />
<point x="423" y="253" />
<point x="423" y="252" />
<point x="422" y="251" />
<point x="422" y="250" />
<point x="421" y="249" />
<point x="421" y="248" />
<point x="420" y="247" />
<point x="420" y="246" />
<point x="419" y="245" />
<point x="419" y="244" />
<point x="418" y="243" />
<point x="418" y="242" />
<point x="417" y="241" />
<point x="417" y="239" />
<point x="418" y="238" />
<point x="418" y="237" />
<point x="419" y="236" />
<point x="419" y="235" />
<point x="420" y="234" />
<point x="420" y="233" />
<point x="421" y="232" />
<point x="421" y="231" />
<point x="422" y="230" />
<point x="422" y="229" />
<point x="423" y="228" />
<point x="423" y="227" />
<point x="424" y="226" />
<point x="424" y="225" />
<point x="425" y="224" />
<point x="425" y="223" />
<point x="426" y="222" />
<point x="426" y="221" />
<point x="427" y="220" />
<point x="427" y="219" />
<point x="428" y="218" />
<point x="428" y="217" />
<point x="429" y="216" />
<point x="429" y="215" />
<point x="430" y="214" />
<point x="430" y="213" />
<point x="431" y="212" />
<point x="431" y="211" />
<point x="432" y="210" />
<point x="432" y="209" />
<point x="433" y="208" />
<point x="433" y="207" />
<point x="434" y="206" />
<point x="434" y="205" />
<point x="435" y="204" />
<point x="435" y="203" />
<point x="436" y="202" />
<point x="436" y="201" />
<point x="437" y="200" />
<point x="437" y="199" />
<point x="439" y="197" />
<point x="442" y="197" />
<point x="443" y="196" />
<point x="443" y="195" />
<point x="444" y="194" />
<point x="444" y="193" />
<point x="445" y="192" />
<point x="445" y="191" />
<point x="446" y="190" />
<point x="446" y="189" />
<point x="447" y="188" />
<point x="447" y="187" />
</points>
</blob>
<blob isHole="true" area="3311.0" circumference="239.96552" >
<bounding_rect x="467" y="177" width="67" height="79" />
<centroid x="500" y="208" />
<points>
<point x="479" y="177" />
<point x="521" y="177" />
<point x="523" y="179" />
<point x="523" y="180" />
<point x="524" y="181" />
<point x="524" y="182" />
<point x="525" y="183" />
<point x="525" y="184" />
<point x="526" y="185" />
<point x="526" y="186" />
<point x="527" y="187" />
<point x="527" y="188" />
<point x="528" y="189" />
<point x="528" y="190" />
<point x="529" y="191" />
<point x="529" y="192" />
<point x="530" y="193" />
<point x="530" y="194" />
<point x="531" y="195" />
<point x="531" y="196" />
<point x="532" y="197" />
<point x="532" y="198" />
<point x="533" y="199" />
<point x="533" y="201" />
<point x="532" y="202" />
<point x="532" y="203" />
<point x="531" y="204" />
<point x="531" y="205" />
<point x="530" y="206" />
<point x="530" y="207" />
<point x="529" y="208" />
<point x="529" y="209" />
<point x="528" y="210" />
<point x="528" y="211" />
<point x="527" y="212" />
<point x="527" y="213" />
<point x="526" y="214" />
<point x="526" y="215" />
<point x="525" y="216" />
<point x="525" y="217" />
<point x="524" y="218" />
<point x="524" y="219" />
<point x="523" y="220" />
<point x="523" y="221" />
<point x="522" y="222" />
<point x="522" y="223" />
<point x="521" y="224" />
<point x="521" y="225" />
<point x="520" y="226" />
<point x="520" y="227" />
<point x="519" y="228" />
<point x="519" y="229" />
<point x="518" y="230" />
<point x="518" y="231" />
<point x="517" y="232" />
<point x="517" y="233" />
<point x="516" y="234" />
<point x="516" y="235" />
<point x="515" y="236" />
<point x="515" y="237" />
<point x="514" y="238" />
<point x="514" y="239" />
<point x="513" y="240" />
<point x="513" y="241" />
<point x="511" y="243" />
<point x="508" y="243" />
<point x="507" y="244" />
<point x="507" y="245" />
<point x="506" y="246" />
<point x="506" y="247" />
<point x="505" y="248" />
<point x="505" y="249" />
<point x="504" y="250" />
<point x="504" y="251" />
<point x="503" y="252" />
<point x="503" y="253" />
<point x="501" y="255" />
<point x="499" y="255" />
<point x="497" y="253" />
<point x="497" y="252" />
<point x="496" y="251" />
<point x="496" y="250" />
<point x="495" y="249" />
<point x="495" y="248" />
<point x="494" y="247" />
<point x="494" y="246" />
<point x="493" y="245" />
<point x="493" y="244" />
<point x="492" y="243" />
<point x="489" y="243" />
<point x="487" y="241" />
<point x="487" y="240" />
<point x="486" y="239" />
<point x="486" y="238" />
<point x="485" y="237" />
<point x="485" y="236" />
<point x="484" y="235" />
<point x="484" y="234" />
<point x="483" y="233" />
<point x="483" y="232" />
<point x="482" y="231" />
<point x="482" y="230" />
<point x="481" y="229" />
<point x="481" y="228" />
<point x="480" y="227" />
<point x="480" y="226" />
<point x="479" y="225" />
<point x="479" y="224" />
<point x="478" y="223" />
<point x="478" y="222" />
<point x="477" y="221" />
<point x="477" y="220" />
<point x="476" y="219" />
<point x="476" y="218" />
<point x="475" y="217" />
<point x="475" y="216" />
<point x="474" y="215" />
<point x="474" y="214" />
<point x="473" y="213" />
<point x="473" y="212" />
<point x="472" y="211" />
<point x="472" y="210" />
<point x="471" y="209" />
<point x="471" y="208" />
<point x="470" y="207" />
<point x="470" y="206" />
<point x="469" y="205" />
<point x="469" y="204" />
<point x="468" y="203" />
<point x="468" y="202" />
<point x="467" y="201" />
<point x="467" y="199" />
<point x="468" y="198" />
<point x="468" y="197" />
<point x="469" y="196" />
<point x="469" y="195" />
<point x="470" y="194" />
<point x="470" y="193" />
<point x="471" y="192" />
<point x="471" y="191" />
<point x="472" y="190" />
<point x="472" y="189" />
<point x="473" y="188" />
<point x="473" y="187" />
<point x="474" y="186" />
<point x="474" y="185" />
<point x="475" y="184" />
<point x="475" y="183" />
<point x="476" y="182" />
<point x="476" y="181" />
<point x="477" y="180" />
<point x="477" y="179" />
</points>
</blob>
<blob isHole="true" area="3311.0" circumference="239.96552" >
<bounding_rect x="267" y="177" width="67" height="79" />
<centroid x="300" y="208" />
<points>
<point x="279" y="177" />
<point x="321" y="177" />
<point x="323" y="179" />
<point x="323" y="180" />
<point x="324" y="181" />
<point x="324" y="182" />
<point x="325" y="183" />
<point x="325" y="184" />
<point x="326" y="185" />
<point x="326" y="186" />
<point x="327" y="187" />
<point x="327" y="188" />
<point x="328" y="189" />
<point x="328" y="190" />
<point x="329" y="191" />
<point x="329" y="192" />
<point x="330" y="193" />
<point x="330" y="194" />
<point x="331" y="195" />
<point x="331" y="196" />
<point x="332" y="197" />
<point x="332" y="198" />
<point x="333" y="199" />
<point x="333" y="201" />
<point x="332" y="202" />
<point x="332" y="203" />
<point x="331" y="204" />
<point x="331" y="205" />
<point x="330" y="206" />
<point x="330" y="207" />
<point x="329" y="208" />
<point x="329" y="209" />
<point x="328" y="210" />
<point x="328" y="211" />
<point x="327" y="212" />
<point x="327" y="213" />
<point x="326" y="214" />
<point x="326" y="215" />
<point x="325" y="216" />
<point x="325" y="217" />
<point x="324" y="218" />
<point x="324" y="219" />
<point x="323" y="220" />
<point x="323" y="221" />
<point x="322" y="222" />
<point x="322" y="223" />
<point x="321" y="224" />
<point x="321" y="225" />
<point x="320" y="226" />
<point x="320" y="227" />
<point x="319" y="228" />
<point x="319" y="229" />
<point x="318" y="230" />
<point x="318" y="231" />
<point x="317" y="232" />
<point x="317" y="233" />
<point x="316" y="234" />
<point x="316" y="235" />
<point x="315" y="236" />
<point x="315" y="237" />
<point x="314" y="238" />
<point x="314" y="239" />
<point x="313" y="240" />
<point x="313" y="241" />
<point x="311" y="243" />
<point x="308" y="243" />
<point x="307" y="244" />
<point x="307" y="245" />
<point x="306" y="246" />
<point x="306" y="247" />
<point x="305" y="248" />
<point x="305" y="249" />
<point x="304" y="250" />
<point x="304" y="251" />
<point x="303" y="252" />
<point x="303" y="253" />
<point x="301" y="255" />
<point x="299" y="255" />
<point x="297" y="253" />
<point x="297" y="252" />
<point x="296" y="251" />
<point x="296" y="250" />
<point x="295" y="249" />
<point x="295" y="248" />
<point x="294" y="247" />
<point x="294" y="246" />
<point x="293" y="245" />
<point x="293" y="244" />
<point x="292" y="243" />
<point x="289" y="243" />
<point x="287" y="241" />
<point x="287" y="240" />
<point x="286" y="239" />
<point x="286" y="238" />
<point x="285" y="237" />
<point x="285" y="236" />
<point x="284" y="235" />
<point x="284" y="234" />
<point x="283" y="233" />
<point x="283" y="232" />
<point x="282" y="231" />
<point x="282" y="230" />
<point x="281" y="229" />
<point x="281" y="228" />
<point x="280" y="227" />
<point x="280" y="226" />
<point x="279" y="225" />
<point x="279" y="224" />
<point x="278" y="223" />
<point x="278" y="222" />
<point x="277" y="221" />
<point x="277" y="220" />
<point x="276" y="219" />
<point x="276" y="218" />
<point x="275" y="217" />
<point x="275" y="216" />
<point x="274" y="215" />
<point x="274" y="214" />
<point x="273" y="213" />
<point x="273" y="212" />
<point x="272" y="211" />
<point x="272" y="210" />
<point x="271" y="209" />
<point x="271" y="208" />
<point x="270" y="207" />
<point x="270" y="206" />
<point x="269" y="205" />
<point x="269" y="204" />
<point x="268" y="203" />
<point x="268" y="202" />
<point x="267" y="201" />
<point x="267" y="199" />
<point x="268" y="198" />
<point x="268" y="197" />
<point x="269" y="196" />
<point x="269" y="195" />
<point x="270" y="194" />
<point x="270" y="193" />
<point x="271" y="192" />
<point x="271" y="191" />
<point x="272" y="190" />
<point x="272" y="189" />
<point x="273" y="188" />
<point x="273" y="187" />
<point x="274" y="186" />
<point x="274" y="185" />
<point x="275" y="184" />
<point x="275" y="183" />
<point x="276" y="182" />
<point x="276" y="181" />
<point x="277" y="180" />
<point x="277" y="179" />
</points>
</blob>
<blob isHole="true" area="893.0" circumference="143.45584" >
<bounding_rect x="332" y="267" width="62" height="17" />
<centroid x="362" y="275" />
<points>
<point x="339" y="267" />
<point x="391" y="267" />
<point x="393" y="269" />
<point x="393" y="271" />
<point x="392" y="272" />
<point x="392" y="273" />
<point x="391" y="274" />
<point x="391" y="275" />
<point x="390" y="276" />
<point x="390" y="277" />
<point x="389" y="278" />
<point x="389" y="279" />
<point x="388" y="280" />
<point x="388" y="281" />
<point x="386" y="283" />
<point x="334" y="283" />
<point x="332" y="281" />
<point x="332" y="279" />
<point x="333" y="278" />
<point x="333" y="277" />
<point x="334" y="276" />
<point x="334" y="275" />
<point x="335" y="274" />
<point x="335" y="273" />
<point x="336" y="272" />
<point x="336" y="271" />
<point x="337" y="270" />
<point x="337" y="269" />
</points>
</blob>
<blob isHole="false" area="171.0" circumference="61.455845" >
<bounding_rect x="491" y="203" width="19" height="19" />
<centroid x="500" y="209" />
<points>
<point x="491" y="203" />
<point x="491" y="204" />
<point x="492" y="205" />
<point x="492" y="206" />
<point x="493" y="207" />
<point x="493" y="208" />
<point x="494" y="209" />
<point x="494" y="210" />
<point x="495" y="211" />
<point x="495" y="212" />
<point x="496" y="213" />
<point x="496" y="214" />
<point x="497" y="215" />
<point x="497" y="216" />
<point x="498" y="217" />
<point x="498" y="218" />
<point x="499" y="219" />
<point x="499" y="220" />
<point x="500" y="221" />
<point x="501" y="220" />
<point x="501" y="219" />
<point x="502" y="218" />
<point x="502" y="217" />
<point x="503" y="216" />
<point x="503" y="215" />
<point x="504" y="214" />
<point x="504" y="213" />
<point x="505" y="212" />
<point x="505" y="211" />
<point x="506" y="210" />
<point x="506" y="209" />
<point x="507" y="208" />
<point x="507" y="207" />
<point x="508" y="206" />
<point x="508" y="205" />
<point x="509" y="204" />
<point x="509" y="203" />
</points>
</blob>
<blob isHole="false" area="171.0" circumference="61.455845" >
<bounding_rect x="441" y="219" width="19" height="19" />
<centroid x="450" y="230" />
<points>
<point x="450" y="219" />
<point x="449" y="220" />
<point x="449" y="221" />
<point x="448" y="222" />
<point x="448" y="223" />
<point x="447" y="224" />
<point x="447" y="225" />
<point x="446" y="226" />
<point x="446" y="227" />
<point x="445" y="228" />
<point x="445" y="229" />
<point x="444" y="230" />
<point x="444" y="231" />
<point x="443" y="232" />
<point x="443" y="233" />
<point x="442" y="234" />
<point x="442" y="235" />
<point x="441" y="236" />
<point x="441" y="237" />
<point x="459" y="237" />
<point x="459" y="236" />
<point x="458" y="235" />
<point x="458" y="234" />
<point x="457" y="233" />
<point x="457" y="232" />
<point x="456" y="231" />
<point x="456" y="230" />
<point x="455" y="229" />
<point x="455" y="228" />
<point x="454" y="227" />
<point x="454" y="226" />
<point x="453" y="225" />
<point x="453" y="224" />
<point x="452" y="223" />
<point x="452" y="222" />
<point x="451" y="221" />
<point x="451" y="220" />
</points>
</blob>
<blob isHole="false" area="171.0" circumference="61.455845" >
<bounding_rect x="341" y="219" width="19" height="19" />
<centroid x="350" y="230" />
<points>
<point x="350" y="219" />
<point x="349" y="220" />
<point x="349" y="221" />
<point x="348" y="222" />
<point x="348" y="223" />
<point x="347" y="224" />
<point x="347" y="225" />
<point x="346" y="226" />
<point x="346" y="227" />
<point x="345" y="228" />
<point x="345" y="229" />
<point x="344" y="230" />
<point x="344" y="231" />
<point x="343" y="232" />
<point x="343" y="233" />
<point x="342" y="234" />
<point x="342" y="235" />
<point x="341" y="236" />
<point x="341" y="237" />
<point x="359" y="237" />
<point x="359" y="236" />
<point x="358" y="235" />
<point x="358" y="234" />
<point x="357" y="233" />
<point x="357" y="232" />
<point x="356" y="231" />
<point x="356" y="230" />
<point x="355" y="229" />
<point x="355" y="228" />
<point x="354" y="227" />
<point x="354" y="226" />
<point x="353" y="225" />
<point x="353" y="224" />
<point x="352" y="223" />
<point x="352" y="222" />
<point x="351" y="221" />
<point x="351" y="220" />
</points>
</blob>
<blob isHole="false" area="171.0" circumference="61.455845" >
<bounding_rect x="451" y="313" width="19" height="19" />
<centroid x="460" y="319" />
<points>
<point x="451" y="313" />
<point x="451" y="314" />
<point x="452" y="315" />
<point x="452" y="316" />
<point x="453" y="317" />
<point x="453" y="318" />
<point x="454" y="319" />
<point x="454" y="320" />
<point x="455" y="321" />
<point x="455" y="322" />
<point x="456" y="323" />
<point x="456" y="324" />
<point x="457" y="325" />
<point x="457" y="326" />
<point x="458" y="327" />
<point x="458" y="328" />
<point x="459" y="329" />
<point x="459" y="330" />
<point x="460" y="331" />
<point x="461" y="330" />
<point x="461" y="329" />
<point x="462" y="328" />
<point x="462" y="327" />
<point x="463" y="326" />
<point x="463" y="325" />
<point x="464" y="324" />
<point x="464" y="323" />
<point x="465" y="322" />
<point x="465" y="321" />
<point x="466" y="320" />
<point x="466" y="319" />
<point x="467" y="318" />
<point x="467" y="317" />
<point x="468" y="316" />
<point x="468" y="315" />
<point x="469" y="314" />
<point x="469" y="313" />
</points>
</blob>
<blob isHole="false" area="171.0" circumference="61.455845" >
<bounding_rect x="391" y="203" width="19" height="19" />
<centroid x="400" y="209" />
<points>
<point x="391" y="203" />
<point x="391" y="204" />
<point x="392" y="205" />
<point x="392" y="206" />
<point x="393" y="207" />
<point x="393" y="208" />
<point x="394" y="209" />
<point x="394" y="210" />
<point x="395" y="211" />
<point x="395" y="212" />
<point x="396" y="213" />
<point x="396" y="214" />
<point x="397" y="215" />
<point x="397" y="216" />
<point x="398" y="217" />
<point x="398" y="218" />
<point x="399" y="219" />
<point x="399" y="220" />
<point x="400" y="221" />
<point x="401" y="220" />
<point x="401" y="219" />
<point x="402" y="218" />
<point x="402" y="217" />
<point x="403" y="216" />
<point x="403" y="215" />
<point x="404" y="214" />
<point x="404" y="213" />
<point x="405" y="212" />
<point x="405" y="211" />
<point x="406" y="210" />
<point x="406" y="209" />
<point x="407" y="208" />
<point x="407" y="207" />
<point x="408" y="206" />
<point x="408" y="205" />
<point x="409" y="204" />
<point x="409" y="203" />
</points>
</blob>
<blob isHole="false" area="171.0" circumference="61.455845" >
<bounding_rect x="291" y="203" width="19" height="19" />
<centroid x="300" y="209" />
<points>
<point x="291" y="203" />
<point x="291" y="204" />
<point x="292" y="205" />
<point x="292" y="206" />
<point x="293" y="207" />
<point x="293" y="208" />
<point x="294" y="209" />
<point x="294" y="210" />
<point x="295" y="211" />
<point x="295" y="212" />
<point x="296" y="213" />
<point x="296" y="214" />
<point x="297" y="215" />
<point x="297" y="216" />
<point x="298" y="217" />
<point x="298" y="218" />
<point x="299" y="219" />
<point x="299" y="220" />
<point x="300" y="221" />
<point x="301" y="220" />
<point x="301" y="219" />
<point x="302" y="218" />
<point x="302" y="217" />
<point x="303" y="216" />
<point x="303" y="215" />
<point x="304" y="214" />
<point x="304" y="213" />
<point x="305" y="212" />
<point x="305" y="211" />
<point x="306" y="210" />
<point x="306" y="209" />
<point x="307" y="208" />
<point x="307" y="207" />
<point x="308" y="206" />
<point x="308" y="205" />
<point x="309" y="204" />
<point x="309" y="203" />
</points>
</blob>
</blobs>
</vshape>
