<?xml version="1.0" encoding="iso-8859-1"?>
<song name="antarctic">
	<settings>
		<tempo>130</tempo>
		<loopeable>false</loopeable>
		<levels>
			<mainlevel>127</mainlevel>
			<drumlevel>127</drumlevel>
			<basslevel>127</basslevel>
			<guitarlevel>96</guitarlevel>
		</levels>
		<instruments>
			<bassinstrument>0</bassinstrument>
			<guitarinstrument>67</guitarinstrument>
		</instruments>
	</settings>
	<patterns>
		<drumpatterns>
			<drumpattern>
				<pad name="rimshot" id="37"   >----------------</pad>
			</drumpattern>
			<drumpattern>
				<pad name="rimshot" id="37"   >F---F---F---F---</pad>
			</drumpattern>
			<drumpattern>
				<pad name="bassdrum" id="35"  >FFFFFFFF-FF-F-FF</pad>
				<pad name="snaredrum" id="38" >----F-------F---</pad>
				<pad name="LowTom" id="46"    >B---B---B---B---</pad>
				<pad name="MidTom" id="47"    >--A---A---A---A-</pad>
				<pad name="HiTom" id="48"     >-6-9-A-9-6-9-A-E</pad>
				<pad name="charles" id="44"   >99FF99FF99FF99FF</pad>
			</drumpattern>
			<drumpattern>
				<pad name="bassdrum" id="35"  >F---F-F-F-F-F---</pad>
				<pad name="snaredrum" id="38" >F---F---F-F-FFFF</pad>
				<pad name="charles" id="44"   >99FF99FF99FF99FF</pad>
				<pad name="crash" id="49"     >------------F---</pad>
			</drumpattern>
			<drumpattern>
				<pad name="bassdrum" id="35"  >FFFFFFFF--------</pad>
				<pad name="snaredrum" id="38" >----F-------F---</pad>
				<pad name="charles" id="44"   >99FF99FF99FF99FF</pad>
			</drumpattern>
			<drumpattern>
				<pad name="bassdrum" id="35"  >FFFFFFFF-FF-F-FF</pad>
				<pad name="snaredrum" id="38" >----F----F--F---</pad>
				<pad name="charles" id="44"   >99FF99FF99FF99FF</pad>
				<pad name="crash" id="49"     >--------------C-</pad>
			</drumpattern>
			<drumpattern>
				<pad name="bassdrum" id="35"  >FFFFFFFF--------</pad>
				<pad name="snaredrum" id="38" >----F-------F---</pad>
				<pad name="LowTom" id="46"    >B---B---B---B---</pad>
				<pad name="charles" id="44"   >99FF99FF99FF99FF</pad>
			</drumpattern>
			<drumpattern>
				<pad name="bassdrum" id="35"  >FFFFFFFF-FF-F-FF</pad>
				<pad name="snaredrum" id="38" >----F----F--F---</pad>
				<pad name="LowTom" id="46"    >B---B---B---B---</pad>
				<pad name="charles" id="44"   >99FF99FF99FF99FF</pad>
				<pad name="crash" id="49"     >--------------C-</pad>
			</drumpattern>
			<drumpattern>
				<pad name="bassdrum" id="35"  >FFFFFFFF--------</pad>
				<pad name="snaredrum" id="38" >----F-------F---</pad>
				<pad name="LowTom" id="46"    >B---B---B---B---</pad>
				<pad name="MidTom" id="47"    >--A---A---A---A-</pad>
				<pad name="charles" id="44"   >99FF99FF99FF99FF</pad>
			</drumpattern>
			<drumpattern>
				<pad name="bassdrum" id="35"  >FFFFFFFF-FF-F-FF</pad>
				<pad name="snaredrum" id="38" >----F----F--F---</pad>
				<pad name="LowTom" id="46"    >B---B---B---B---</pad>
				<pad name="MidTom" id="47"    >--A---A---A---A-</pad>
				<pad name="charles" id="44"   >99FF99FF99FF99FF</pad>
				<pad name="crash" id="49"     >--------------C-</pad>
			</drumpattern>
			<drumpattern>
				<pad name="bassdrum" id="35"  >FFFFFFFF--------</pad>
				<pad name="snaredrum" id="38" >----F-------F---</pad>
				<pad name="LowTom" id="46"    >B---B---B---B---</pad>
				<pad name="MidTom" id="47"    >--A---A---A---A-</pad>
				<pad name="HiTom" id="48"     >-6-9-A-9-6-9-A-E</pad>
				<pad name="charles" id="44"   >99FF99FF99FF99FF</pad>
			</drumpattern>
			<drumpattern>
				<pad name="bassdrum" id="35"  >F---F-F-F-F-F---</pad>
				<pad name="snaredrum" id="38" >F---F---F-F-FFFF</pad>
				<pad name="LowTom" id="46"    >B---B---B---B---</pad>
				<pad name="MidTom" id="47"    >--C---C---C---C-</pad>
				<pad name="HiTom" id="48"     >-6-9-A-9-6-9-A-E</pad>
				<pad name="charles" id="44"   >99FF99FF99FF99FF</pad>
				<pad name="crash" id="49"     >------------F---</pad>
			</drumpattern>
			<drumpattern>
				<pad name="bassdrum" id="35"  >FFFFFFFF-FF-F-FF</pad>
				<pad name="snaredrum" id="38" >F---F---F---F---</pad>
				<pad name="charles" id="44"   >99FF99FF99FF99FF</pad>
				<pad name="crash" id="49"     >F--------C--F---</pad>
			</drumpattern>
			<drumpattern>
				<pad name="bassdrum" id="35"  >F---F-F-F-F-F---</pad>
				<pad name="snaredrum" id="38" >FFFFFFFF-FF-F-FF</pad>
				<pad name="charles" id="44"   >99FF99FF99FF99FF</pad>
				<pad name="crash" id="49"     >F--------C--F---</pad>
			</drumpattern>
			<drumpattern>
				<pad name="bassdrum" id="35"  >FFFFFFFF-FF-F-FF</pad>
				<pad name="charles" id="44"   >99FF99FF99FF99FF</pad>
			</drumpattern>
			<drumpattern>
				<pad name="bassdrum" id="35"  >FFFFFFFF-FF-F-FF</pad>
				<pad name="LowTom" id="46"    >B---B---B---B---</pad>
				<pad name="charles" id="44"   >99FF99FF99FF99FF</pad>
			</drumpattern>
			<drumpattern>
				<pad name="bassdrum" id="35"  >FFFFFFFF-FF-F-FF</pad>
				<pad name="LowTom" id="46"    >B---B---B---B---</pad>
				<pad name="MidTom" id="47"    >--C---C---C---C-</pad>
				<pad name="charles" id="44"   >99FF99FF99FF99FF</pad>
			</drumpattern>
			<drumpattern>
				<pad name="bassdrum" id="35"  >FFFFFFFF-FF-F-FF</pad>
				<pad name="LowTom" id="46"    >B---B---B---B---</pad>
				<pad name="MidTom" id="47"    >--C---C---C---C-</pad>
				<pad name="HiTom" id="48"     >-8-B-C-B-8-B-C-F</pad>
				<pad name="charles" id="44"   >99FF99FF99FF99FF</pad>
			</drumpattern>
			<drumpattern>
				<pad name="bassdrum" id="35"  >F---F-F-F-F-F---</pad>
				<pad name="snaredrum" id="38" >FFFFFFFF-FF-F-FF</pad>
				<pad name="charles" id="44"   >99FF99FF99FF99FF</pad>
				<pad name="LowTom" id="46"    >B---B---B---B---</pad>
				<pad name="MidTom" id="47"    >--C---C---C---C-</pad>
				<pad name="HiTom" id="48"     >-8-B-C-B-8-B-C-F</pad>
				<pad name="crash" id="49"     >F--------C--F---</pad>
			</drumpattern>
			<drumpattern>
				<pad name="bassdrum" id="35"  >F---------------</pad>
				<pad name="snaredrum" id="38" >F---------------</pad>
				<pad name="crash" id="49"     >F---------------</pad>
			</drumpattern>
		</drumpatterns>  
		<basspatterns>
			<basspattern>
				<pattern>----------------</pattern>
			</basspattern>
			<basspattern>
				<pattern>00000000--------</pattern>
			</basspattern>
			<basspattern>
				<pattern>00000000-00-0-00</pattern>
			</basspattern>
			<basspattern>
				<pattern>0000000000000000</pattern>
			</basspattern>
			<basspattern>
				<pattern>X---------------</pattern>
			</basspattern>
		</basspatterns>
		<guitarpatterns>
			<guitarpattern>
				<pattern>----------------</pattern>
			</guitarpattern>
			<guitarpattern>
				<pattern>0---0---0---0---</pattern>
			</guitarpattern>
			<guitarpattern>
				<pattern>0---0---0---0---</pattern>
				<pattern>--CC--C---CC--C-</pattern>
			</guitarpattern>
			<guitarpattern>
				<pattern>0---0---0---0---</pattern>
				<pattern>--C---C---C---C-</pattern>
				<pattern>---C-----00-0-00</pattern>
			</guitarpattern>
			<guitarpattern>
				<pattern>CC--CC------0---</pattern>
				<pattern>---0--0---CC--0-</pattern>
			</guitarpattern>
			<guitarpattern>
				<pattern>0---------------</pattern>
			</guitarpattern>
		</guitarpatterns>
	</patterns>
	<tonepatterns>
		<notes>9,9,9,9,9,9,9,9,9,9,9,9,9,9,9,9</notes>
		<notes>9,9,9,9,9,9,9,9,11,11,11,11,12,12,12,12</notes>
		<notes>14,14,14,14,14,14,14,14,14,14,14,14,14,14,14,14</notes>
	</tonepatterns>
	<compose>
		<part id="pre">
			<phrase></phrase>
			<phrase></phrase>
			<phrase></phrase>
			<phrase>
				<bar kind="0">1</bar>
			</phrase>
		</part>
		<part id="pre">
			<phrase>
				<bar kind="0">14</bar>
			</phrase>
			<phrase>
				<bar kind="0">14</bar>
			</phrase>
			<phrase>
				<bar kind="0">14</bar>
			</phrase>
			<phrase>
				<bar kind="0">14</bar>
			</phrase>
			<phrase>
				<bar kind="0">15</bar>
				<bar kind="2">
					<notes>1</notes>
					<rhytm>1</rhytm>
				</bar>
			</phrase>
			<phrase>
				<bar kind="0">15</bar>
			</phrase>
			<phrase>
				<bar kind="0">15</bar>
				<bar kind="2">
					<notes>1</notes>
					<rhytm>1</rhytm>
				</bar>
			</phrase>
			<phrase>
				<bar kind="0">15</bar>
			</phrase>
			<phrase>
				<bar kind="0">16</bar>
				<bar kind="2">
					<notes>1</notes>
					<rhytm>2</rhytm>
				</bar>
			</phrase>
			<phrase>
				<bar kind="0">16</bar>
			</phrase>
			<phrase>
				<bar kind="0">16</bar>
				<bar kind="2">
					<notes>1</notes>
					<rhytm>2</rhytm>
				</bar>
			</phrase>
			<phrase>
				<bar kind="0">16</bar>
				<bar kind="2">
					<notes>1</notes>
					<rhytm>2</rhytm>
				</bar>
			</phrase>
			<phrase>
				<bar kind="0">17</bar>
				<bar kind="2">
					<notes>1</notes>
					<rhytm>2</rhytm>
				</bar>
			</phrase>
			<phrase>
				<bar kind="0">17</bar>
				<bar kind="2">
					<notes>1</notes>
					<rhytm>3</rhytm>
				</bar>
			</phrase>
			<phrase>
				<bar kind="0">17</bar>
				<bar kind="2">
					<notes>1</notes>
					<rhytm>2</rhytm>
				</bar>
			</phrase>
			<phrase>
				<bar kind="0">3</bar>
				<bar kind="2">
					<notes>1</notes>
					<rhytm>3</rhytm>
				</bar>
			</phrase>
		</part>
		<part id="comonada">
			<phrase>
				<bar kind="0">2</bar>
				<bar kind="1">
					<notes>0</notes>
					<rhytm>2</rhytm>
				</bar>
				<bar kind="2">
					<notes>1</notes>
					<rhytm>2</rhytm>
				</bar>
			</phrase>
			<phrase>
				<bar kind="0">2</bar>
				<bar kind="1">
					<notes>0</notes>
					<rhytm>2</rhytm>
				</bar>
				<bar kind="2">
					<notes>1</notes>
					<rhytm>3</rhytm>
				</bar>
			</phrase>
			<phrase>
				<bar kind="0">2</bar>
				<bar kind="1">
					<notes>0</notes>
					<rhytm>2</rhytm>
				</bar>
				<bar kind="2">
					<notes>1</notes>
					<rhytm>2</rhytm>
				</bar>
			</phrase>
			<phrase>
				<bar kind="0">2</bar>
				<bar kind="1">
					<notes>0</notes>
					<rhytm>2</rhytm>
				</bar>
				<bar kind="2">
					<notes>1</notes>
					<rhytm>3</rhytm>
				</bar>
			</phrase>
			<phrase>
				<bar kind="0">2</bar>
				<bar kind="1">
					<notes>0</notes>
					<rhytm>2</rhytm>
				</bar>
				<bar kind="2">
					<notes>1</notes>
					<rhytm>2</rhytm>
				</bar>
			</phrase>
			<phrase>
				<bar kind="0">2</bar>
				<bar kind="1">
					<notes>0</notes>
					<rhytm>2</rhytm>
				</bar>
				<bar kind="2">
					<notes>1</notes>
					<rhytm>3</rhytm>
				</bar>
			</phrase>
			<phrase>
				<bar kind="0">2</bar>
				<bar kind="1">
					<notes>0</notes>
					<rhytm>2</rhytm>
				</bar>
				<bar kind="2">
					<notes>1</notes>
					<rhytm>2</rhytm>
				</bar>
			</phrase>
			<phrase>
				<bar kind="0">3</bar>
				<bar kind="1">
					<notes>0</notes>
					<rhytm>2</rhytm>
				</bar>
				<bar kind="2">
					<notes>1</notes>
					<rhytm>3</rhytm>
				</bar>
			</phrase>
		</part>
		<part id="suspense">
			<phrase>
				<bar kind="0">4</bar>
				<bar kind="1">
					<notes>0</notes>
					<rhytm>1</rhytm>
				</bar>
			</phrase>
			<phrase>
				<bar kind="0">4</bar>
				<bar kind="1">
					<notes>0</notes>
					<rhytm>1</rhytm>
				</bar>
			</phrase>
			<phrase>
				<bar kind="0">4</bar>
				<bar kind="1">
					<notes>0</notes>
					<rhytm>1</rhytm>
				</bar>
			</phrase>
			<phrase>
				<bar kind="0">5</bar>
				<bar kind="1">
					<notes>1</notes>
					<rhytm>2</rhytm>
				</bar>
			</phrase>
			<phrase>
				<bar kind="0">6</bar>
				<bar kind="1">
					<notes>0</notes>
					<rhytm>1</rhytm>
				</bar>
			</phrase>
			<phrase>
				<bar kind="0">6</bar>
				<bar kind="1">
					<notes>0</notes>
					<rhytm>1</rhytm>
				</bar>
			</phrase>
			<phrase>
				<bar kind="0">6</bar>
				<bar kind="1">
					<notes>0</notes>
					<rhytm>1</rhytm>
				</bar>
			</phrase>
			<phrase>
				<bar kind="0">7</bar>
				<bar kind="1">
					<notes>1</notes>
					<rhytm>2</rhytm>
				</bar>
			</phrase>
			<phrase>
				<bar kind="0">8</bar>
				<bar kind="1">
					<notes>0</notes>
					<rhytm>1</rhytm>
				</bar>
				<bar kind="2">
					<notes>1</notes>
					<rhytm>1</rhytm>
				</bar>
			</phrase>
			<phrase>
				<bar kind="0">8</bar>
				<bar kind="1">
					<notes>0</notes>
					<rhytm>1</rhytm>
				</bar>
			</phrase>
			<phrase>
				<bar kind="0">8</bar>
				<bar kind="1">
					<notes>0</notes>
					<rhytm>1</rhytm>
				</bar>
				<bar kind="2">
					<notes>1</notes>
					<rhytm>1</rhytm>
				</bar>
			</phrase>
			<phrase>
				<bar kind="0">9</bar>
				<bar kind="1">
					<notes>1</notes>
					<rhytm>2</rhytm>
				</bar>
			</phrase>
			<phrase>
				<bar kind="0">10</bar>
				<bar kind="1">
					<notes>0</notes>
					<rhytm>1</rhytm>
				</bar>
				<bar kind="2">
					<notes>1</notes>
					<rhytm>2</rhytm>
				</bar>
			</phrase>
			<phrase>
				<bar kind="0">10</bar>
				<bar kind="1">
					<notes>0</notes>
					<rhytm>1</rhytm>
				</bar>
			</phrase>
			<phrase>
				<bar kind="0">10</bar>
				<bar kind="1">
					<notes>0</notes>
					<rhytm>1</rhytm>
				</bar>
				<bar kind="2">
					<notes>1</notes>
					<rhytm>2</rhytm>
				</bar>
			</phrase>
			<phrase>
				<bar kind="0">11</bar>
				<bar kind="1">
					<notes>1</notes>
					<rhytm>2</rhytm>
				</bar>
			</phrase>
		</part>
		<part id="power">
			<phrase>
				<bar kind="0">12</bar>
				<bar kind="1">
					<notes>1</notes>
					<rhytm>2</rhytm>
				</bar>
				<bar kind="2">
					<notes>1</notes>
					<rhytm>4</rhytm>
				</bar>
			</phrase>
			<phrase>
				<bar kind="0">12</bar>
				<bar kind="1">
					<notes>1</notes>
					<rhytm>2</rhytm>
				</bar>
				<bar kind="2">
					<notes>1</notes>
					<rhytm>4</rhytm>
				</bar>
			</phrase>
			<phrase>
				<bar kind="0">12</bar>
				<bar kind="1">
					<notes>1</notes>
					<rhytm>2</rhytm>
				</bar>
				<bar kind="2">
					<notes>1</notes>
					<rhytm>4</rhytm>
				</bar>
			</phrase>
			<phrase>
				<bar kind="0">12</bar>
				<bar kind="1">
					<notes>1</notes>
					<rhytm>2</rhytm>
				</bar>
				<bar kind="2">
					<notes>1</notes>
					<rhytm>4</rhytm>
				</bar>
			</phrase>
			<phrase>
				<bar kind="0">12</bar>
				<bar kind="1">
					<notes>1</notes>
					<rhytm>2</rhytm>
				</bar>
				<bar kind="2">
					<notes>1</notes>
					<rhytm>4</rhytm>
				</bar>
			</phrase>
			<phrase>
				<bar kind="0">12</bar>
				<bar kind="1">
					<notes>1</notes>
					<rhytm>2</rhytm>
				</bar>
				<bar kind="2">
					<notes>1</notes>
					<rhytm>4</rhytm>
				</bar>
			</phrase>
			<phrase>
				<bar kind="0">12</bar>
				<bar kind="1">
					<notes>1</notes>
					<rhytm>2</rhytm>
				</bar>
				<bar kind="2">
					<notes>1</notes>
					<rhytm>4</rhytm>
				</bar>
			</phrase>
			<phrase>
				<bar kind="0">13</bar>
				<bar kind="1">
					<notes>1</notes>
					<rhytm>2</rhytm>
				</bar>
				<bar kind="2">
					<notes>1</notes>
					<rhytm>4</rhytm>
				</bar>
			</phrase>
		</part>
		<part id="bridge">
			<phrase>
				<bar kind="0">2</bar>
				<bar kind="1">
					<notes>2</notes>
					<rhytm>3</rhytm>
				</bar>
				<bar kind="2">
					<notes>2</notes>
					<rhytm>4</rhytm>
				</bar>
			</phrase>
			<phrase>
				<bar kind="0">2</bar>
				<bar kind="1">
					<notes>2</notes>
					<rhytm>3</rhytm>
				</bar>
				<bar kind="2">
					<notes>2</notes>
					<rhytm>4</rhytm>
				</bar>
			</phrase>
			<phrase>
				<bar kind="0">12</bar>
				<bar kind="1">
					<notes>0</notes>
					<rhytm>1</rhytm>
				</bar>
			</phrase>
			<phrase>
				<bar kind="0">13</bar>
				<bar kind="1">
					<notes>0</notes>
					<rhytm>1</rhytm>
				</bar>
			</phrase>
			<phrase>
				<bar kind="0">2</bar>
				<bar kind="1">
					<notes>2</notes>
					<rhytm>3</rhytm>
				</bar>
				<bar kind="2">
					<notes>2</notes>
					<rhytm>4</rhytm>
				</bar>
			</phrase>
			<phrase>
				<bar kind="0">2</bar>
				<bar kind="1">
					<notes>2</notes>
					<rhytm>3</rhytm>
				</bar>
				<bar kind="2">
					<notes>2</notes>
					<rhytm>4</rhytm>
				</bar>
			</phrase>
			<phrase>
				<bar kind="0">12</bar>
				<bar kind="1">
					<notes>0</notes>
					<rhytm>1</rhytm>
				</bar>
			</phrase>
			<phrase>
				<bar kind="0">13</bar>
				<bar kind="1">
					<notes>0</notes>
					<rhytm>1</rhytm>
				</bar>
			</phrase>
			<phrase>
				<bar kind="0">2</bar>
				<bar kind="1">
					<notes>2</notes>
					<rhytm>3</rhytm>
				</bar>
				<bar kind="2">
					<notes>2</notes>
					<rhytm>4</rhytm>
				</bar>
			</phrase>
			<phrase>
				<bar kind="0">2</bar>
				<bar kind="1">
					<notes>2</notes>
					<rhytm>3</rhytm>
				</bar>
				<bar kind="2">
					<notes>2</notes>
					<rhytm>4</rhytm>
				</bar>
			</phrase>
			<phrase>
				<bar kind="0">12</bar>
				<bar kind="1">
					<notes>0</notes>
					<rhytm>1</rhytm>
				</bar>
			</phrase>
			<phrase>
				<bar kind="0">13</bar>
				<bar kind="1">
					<notes>0</notes>
					<rhytm>1</rhytm>
				</bar>
			</phrase>
			<phrase>
				<bar kind="0">2</bar>
				<bar kind="1">
					<notes>2</notes>
					<rhytm>3</rhytm>
				</bar>
				<bar kind="2">
					<notes>2</notes>
					<rhytm>4</rhytm>
				</bar>
			</phrase>
			<phrase>
				<bar kind="0">2</bar>
				<bar kind="1">
					<notes>2</notes>
					<rhytm>3</rhytm>
				</bar>
				<bar kind="2">
					<notes>2</notes>
					<rhytm>4</rhytm>
				</bar>
			</phrase>
			<phrase>
				<bar kind="0">12</bar>
				<bar kind="1">
					<notes>0</notes>
					<rhytm>1</rhytm>
				</bar>
			</phrase>
			<phrase>
				<bar kind="0">11</bar>
				<bar kind="1">
					<notes>0</notes>
					<rhytm>1</rhytm>
				</bar>
			</phrase>
		</part>
		<part id="comonada2">
			<phrase>
				<bar kind="0">2</bar>
				<bar kind="1">
					<notes>0</notes>
					<rhytm>2</rhytm>
				</bar>
				<bar kind="2">
					<notes>1</notes>
					<rhytm>2</rhytm>
				</bar>
			</phrase>
			<phrase>
				<bar kind="0">2</bar>
				<bar kind="1">
					<notes>0</notes>
					<rhytm>2</rhytm>
				</bar>
				<bar kind="2">
					<notes>1</notes>
					<rhytm>3</rhytm>
				</bar>
			</phrase>
			<phrase>
				<bar kind="0">2</bar>
				<bar kind="1">
					<notes>0</notes>
					<rhytm>2</rhytm>
				</bar>
				<bar kind="2">
					<notes>1</notes>
					<rhytm>2</rhytm>
				</bar>
			</phrase>
			<phrase>
				<bar kind="0">2</bar>
				<bar kind="1">
					<notes>0</notes>
					<rhytm>2</rhytm>
				</bar>
				<bar kind="2">
					<notes>1</notes>
					<rhytm>3</rhytm>
				</bar>
			</phrase>
			<phrase>
				<bar kind="0">2</bar>
				<bar kind="1">
					<notes>0</notes>
					<rhytm>2</rhytm>
				</bar>
				<bar kind="2">
					<notes>1</notes>
					<rhytm>2</rhytm>
				</bar>
			</phrase>
			<phrase>
				<bar kind="0">2</bar>
				<bar kind="1">
					<notes>0</notes>
					<rhytm>2</rhytm>
				</bar>
				<bar kind="2">
					<notes>1</notes>
					<rhytm>3</rhytm>
				</bar>
			</phrase>
			<phrase>
				<bar kind="0">2</bar>
				<bar kind="1">
					<notes>0</notes>
					<rhytm>2</rhytm>
				</bar>
				<bar kind="2">
					<notes>1</notes>
					<rhytm>2</rhytm>
				</bar>
			</phrase>
			<phrase>
				<bar kind="0">3</bar>
				<bar kind="1">
					<notes>0</notes>
					<rhytm>2</rhytm>
				</bar>
				<bar kind="2">
					<notes>1</notes>
					<rhytm>3</rhytm>
				</bar>
			</phrase>
		</part>
		<part id="suspense2">
			<phrase>
				<bar kind="0">4</bar>
				<bar kind="1">
					<notes>0</notes>
					<rhytm>1</rhytm>
				</bar>
			</phrase>
			<phrase>
				<bar kind="0">4</bar>
				<bar kind="1">
					<notes>0</notes>
					<rhytm>1</rhytm>
				</bar>
			</phrase>
			<phrase>
				<bar kind="0">4</bar>
				<bar kind="1">
					<notes>0</notes>
					<rhytm>1</rhytm>
				</bar>
			</phrase>
			<phrase>
				<bar kind="0">5</bar>
				<bar kind="1">
					<notes>1</notes>
					<rhytm>2</rhytm>
				</bar>
			</phrase>
			<phrase>
				<bar kind="0">6</bar>
				<bar kind="1">
					<notes>0</notes>
					<rhytm>1</rhytm>
				</bar>
			</phrase>
			<phrase>
				<bar kind="0">6</bar>
				<bar kind="1">
					<notes>0</notes>
					<rhytm>1</rhytm>
				</bar>
			</phrase>
			<phrase>
				<bar kind="0">6</bar>
				<bar kind="1">
					<notes>0</notes>
					<rhytm>1</rhytm>
				</bar>
			</phrase>
			<phrase>
				<bar kind="0">7</bar>
				<bar kind="1">
					<notes>1</notes>
					<rhytm>2</rhytm>
				</bar>
			</phrase>
			<phrase>
				<bar kind="0">8</bar>
				<bar kind="1">
					<notes>0</notes>
					<rhytm>1</rhytm>
				</bar>
				<bar kind="2">
					<notes>1</notes>
					<rhytm>1</rhytm>
				</bar>
			</phrase>
			<phrase>
				<bar kind="0">8</bar>
				<bar kind="1">
					<notes>0</notes>
					<rhytm>1</rhytm>
				</bar>
			</phrase>
			<phrase>
				<bar kind="0">8</bar>
				<bar kind="1">
					<notes>0</notes>
					<rhytm>1</rhytm>
				</bar>
				<bar kind="2">
					<notes>1</notes>
					<rhytm>1</rhytm>
				</bar>
			</phrase>
			<phrase>
				<bar kind="0">9</bar>
				<bar kind="1">
					<notes>1</notes>
					<rhytm>2</rhytm>
				</bar>
			</phrase>
			<phrase>
				<bar kind="0">10</bar>
				<bar kind="1">
					<notes>0</notes>
					<rhytm>1</rhytm>
				</bar>
				<bar kind="2">
					<notes>1</notes>
					<rhytm>2</rhytm>
				</bar>
			</phrase>
			<phrase>
				<bar kind="0">10</bar>
				<bar kind="1">
					<notes>0</notes>
					<rhytm>1</rhytm>
				</bar>
			</phrase>
			<phrase>
				<bar kind="0">10</bar>
				<bar kind="1">
					<notes>0</notes>
					<rhytm>1</rhytm>
				</bar>
				<bar kind="2">
					<notes>1</notes>
					<rhytm>2</rhytm>
				</bar>
			</phrase>
			<phrase>
				<bar kind="0">11</bar>
				<bar kind="1">
					<notes>1</notes>
					<rhytm>2</rhytm>
				</bar>
			</phrase>
		</part>
		<part id="power2">
			<phrase>
				<bar kind="0">12</bar>
				<bar kind="1">
					<notes>1</notes>
					<rhytm>2</rhytm>
				</bar>
				<bar kind="2">
					<notes>1</notes>
					<rhytm>4</rhytm>
				</bar>
			</phrase>
			<phrase>
				<bar kind="0">12</bar>
				<bar kind="1">
					<notes>1</notes>
					<rhytm>2</rhytm>
				</bar>
				<bar kind="2">
					<notes>1</notes>
					<rhytm>4</rhytm>
				</bar>
			</phrase>
			<phrase>
				<bar kind="0">12</bar>
				<bar kind="1">
					<notes>1</notes>
					<rhytm>2</rhytm>
				</bar>
				<bar kind="2">
					<notes>1</notes>
					<rhytm>4</rhytm>
				</bar>
			</phrase>
			<phrase>
				<bar kind="0">12</bar>
				<bar kind="1">
					<notes>1</notes>
					<rhytm>2</rhytm>
				</bar>
				<bar kind="2">
					<notes>1</notes>
					<rhytm>4</rhytm>
				</bar>
			</phrase>
			<phrase>
				<bar kind="0">12</bar>
				<bar kind="1">
					<notes>1</notes>
					<rhytm>2</rhytm>
				</bar>
				<bar kind="2">
					<notes>1</notes>
					<rhytm>4</rhytm>
				</bar>
			</phrase>
			<phrase>
				<bar kind="0">12</bar>
				<bar kind="1">
					<notes>1</notes>
					<rhytm>2</rhytm>
				</bar>
				<bar kind="2">
					<notes>1</notes>
					<rhytm>4</rhytm>
				</bar>
			</phrase>
			<phrase>
				<bar kind="0">12</bar>
				<bar kind="1">
					<notes>1</notes>
					<rhytm>2</rhytm>
				</bar>
				<bar kind="2">
					<notes>1</notes>
					<rhytm>4</rhytm>
				</bar>
			</phrase>
			<phrase>
				<bar kind="0">13</bar>
				<bar kind="1">
					<notes>1</notes>
					<rhytm>2</rhytm>
				</bar>
				<bar kind="2">
					<notes>1</notes>
					<rhytm>4</rhytm>
				</bar>
			</phrase>
		</part>
		<part id="power3">
			<phrase>
				<bar kind="0">12</bar>
				<bar kind="1">
					<notes>0</notes>
					<rhytm>2</rhytm>
				</bar>
				<bar kind="2">
					<notes>1</notes>
					<rhytm>4</rhytm>
				</bar>
			</phrase>
			<phrase>
				<bar kind="0">12</bar>
				<bar kind="1">
					<notes>0</notes>
					<rhytm>2</rhytm>
				</bar>
				<bar kind="2">
					<notes>1</notes>
					<rhytm>4</rhytm>
				</bar>
			</phrase>
			<phrase>
				<bar kind="0">12</bar>
				<bar kind="1">
					<notes>0</notes>
					<rhytm>2</rhytm>
				</bar>
				<bar kind="2">
					<notes>1</notes>
					<rhytm>4</rhytm>
				</bar>
			</phrase>
			<phrase>
				<bar kind="0">12</bar>
				<bar kind="1">
					<notes>0</notes>
					<rhytm>2</rhytm>
				</bar>
				<bar kind="2">
					<notes>1</notes>
					<rhytm>4</rhytm>
				</bar>
			</phrase>
			<phrase>
				<bar kind="0">12</bar>
				<bar kind="1">
					<notes>0</notes>
					<rhytm>2</rhytm>
				</bar>
				<bar kind="2">
					<notes>1</notes>
					<rhytm>4</rhytm>
				</bar>
			</phrase>
			<phrase>
				<bar kind="0">12</bar>
				<bar kind="1">
					<notes>0</notes>
					<rhytm>2</rhytm>
				</bar>
				<bar kind="2">
					<notes>1</notes>
					<rhytm>4</rhytm>
				</bar>
			</phrase>
			<phrase>
				<bar kind="0">12</bar>
				<bar kind="1">
					<notes>0</notes>
					<rhytm>2</rhytm>
				</bar>
				<bar kind="2">
					<notes>1</notes>
					<rhytm>4</rhytm>
				</bar>
			</phrase>
			<phrase>
				<bar kind="0">13</bar>
				<bar kind="1">
					<notes>0</notes>
					<rhytm>2</rhytm>
				</bar>
				<bar kind="2">
					<notes>1</notes>
					<rhytm>4</rhytm>
				</bar>
			</phrase>
		</part>
		<part id="end">
			<phrase>
				<bar kind="0">18</bar>
				<bar kind="1">
					<notes>0</notes>
					<rhytm>3</rhytm>
				</bar>
				<bar kind="2">
					<notes>1</notes>
					<rhytm>4</rhytm>
				</bar>
			</phrase>
			<phrase>
				<bar kind="0">18</bar>
				<bar kind="1">
					<notes>0</notes>
					<rhytm>3</rhytm>
				</bar>
				<bar kind="2">
					<notes>1</notes>
					<rhytm>4</rhytm>
				</bar>
			</phrase>
			<phrase>
				<bar kind="0">18</bar>
				<bar kind="1">
					<notes>0</notes>
					<rhytm>3</rhytm>
				</bar>
				<bar kind="2">
					<notes>1</notes>
					<rhytm>4</rhytm>
				</bar>
			</phrase>
			<phrase>
				<bar kind="0">18</bar>
				<bar kind="1">
					<notes>0</notes>
					<rhytm>3</rhytm>
				</bar>
				<bar kind="2">
					<notes>1</notes>
					<rhytm>4</rhytm>
				</bar>
			</phrase>
			<phrase>
				<bar kind="0">19</bar>
				<bar kind="1">
					<notes>0</notes>
					<rhytm>4</rhytm>
				</bar>
				<bar kind="2">
					<notes>0</notes>
					<rhytm>5</rhytm>
				</bar>
			</phrase>
			<phrase></phrase>
			<phrase></phrase>
			<phrase></phrase>
			<phrase></phrase>
			<phrase></phrase>
			<phrase></phrase>
			<phrase></phrase>

		</part>
	</compose>
</song>