<?xml version="1.0" encoding="iso-8859-1"?>
<song name="loveedn">
	<settings>
		<tempo>100</tempo>
		<loopeable>false</loopeable>
		<levels>
			<mainlevel>127</mainlevel>
			<drumlevel>127</drumlevel>
			<basslevel>127</basslevel>
			<guitarlevel>72</guitarlevel>
		</levels>
		<instruments>
			<bassinstrument>93</bassinstrument>
			<guitarinstrument>29</guitarinstrument>
		</instruments>
	</settings>
	<patterns>
		<drumpatterns>
			<drumpattern>
				<pad name="rimshot" id="37"   >----------------</pad>
			</drumpattern>
			<drumpattern>
				<pad name="rimshot" id="37"   >F---F---F---F---</pad>
			</drumpattern>
			<drumpattern>
				<pad name="bassdrum" id="35"  >F-----F---F-----</pad>
				<pad name="rimshot" id="31"   >----F-------F---</pad>
				<pad name="charles" id="44"   >99FF99FF99FF99FF</pad>
			</drumpattern>
			<drumpattern>
				<pad name="bassdrum" id="35"  >F-----F---F-----</pad>
				<pad name="rimshot" id="31"   >----F-------F---</pad>
				<pad name="charles" id="44"   >99FF99FF99FF99FF</pad>
				<pad name="openhihat" id="46" >-----------9-9--</pad>
			</drumpattern>
			<drumpattern>
				<pad name="bassdrum" id="35"  >F-----F---F-----</pad>
				<pad name="snaredrum" id="38" >----F-------F---</pad>
				<pad name="charles" id="44"   >99FF99FF99FF99FF</pad>
			</drumpattern>
			<drumpattern>
				<pad name="bassdrum" id="35"  >F-----F---F-----</pad>
				<pad name="snaredrum" id="38"  >----F-------F---</pad>
				<pad name="charles" id="44"   >99FF99FF99FF99FF</pad>
				<pad name="openhihat" id="46" >-----------9-9--</pad>
			</drumpattern>
			<drumpattern>
				<pad name="bassdrum" id="35"  >F---------------</pad>
				<pad name="snaredrum" id="38" >F---------------</pad>
				<pad name="crash" id="49"     >F---------------</pad>
			</drumpattern>
		</drumpatterns>  
		<basspatterns>
			<basspattern>
				<pattern>----------------</pattern>
			</basspattern>
			<basspattern>
				<pattern>5-----5---0-3---</pattern>
			</basspattern>
			<basspattern>
				<pattern>5-----5---8-8-7-</pattern>
			</basspattern>
			<basspattern>
				<pattern>0---------------</pattern>
			</basspattern>
			<basspattern>
				<pattern>5-----5---7---5-</pattern>
			</basspattern>
			<basspattern>
				<pattern>4-----4---2---0-</pattern>
			</basspattern>
			<basspattern>
				<pattern>2---------------</pattern>
			</basspattern>
			<basspattern>
				<pattern>----------2---4-</pattern>
			</basspattern>
			<basspattern>
				<pattern>5-----5---7---8-</pattern>
			</basspattern>
		</basspatterns>
		<guitarpatterns>
			<guitarpattern>
				<pattern>----------------</pattern>
			</guitarpattern>
			<guitarpattern>
				<pattern>0-C---8-F-------</pattern>
			</guitarpattern>
			<guitarpattern>
				<pattern>7-E---C-0-A-A---</pattern>
			</guitarpattern>
			<guitarpattern>
				<pattern>7-E-------------</pattern>
			</guitarpattern>
			<guitarpattern>
				<pattern>5-5-------------</pattern>
			</guitarpattern>
			<guitarpattern>
				<pattern>8-F-7-E-5-5-3-B-</pattern>
			</guitarpattern>
			<guitarpattern>
				<pattern>0-CC0-CC0-CC0-CC</pattern>
			</guitarpattern>
			<guitarpattern>
				<pattern>--0-3-----0-3---</pattern>
			</guitarpattern>
			<guitarpattern>
				<pattern>--2-3-----2-3---</pattern>
			</guitarpattern>
			<guitarpattern>
				<pattern>2-D-----2-D-----</pattern>
			</guitarpattern>
			<guitarpattern>
				<pattern>7-E-5-F-3-B-2-F-</pattern>
			</guitarpattern>
			<guitarpattern>
				<pattern>--0-2-----0-2---</pattern>
			</guitarpattern>
			<guitarpattern>
				<pattern>7-E---9-F-7-E---</pattern>
			</guitarpattern>
			<guitarpattern>
				<pattern>5-C-------7-E-5-</pattern>
			</guitarpattern>
			<guitarpattern>
				<pattern>4-B-------2-A-0-</pattern>
			</guitarpattern>
			<guitarpattern>
				<pattern>2-A-----2-A-----</pattern>
			</guitarpattern>
			<guitarpattern>
				<pattern>--2-A-4---2-A-4-</pattern>
			</guitarpattern>
		</guitarpatterns>
	</patterns>
	<tonepatterns>
		<notes>4,4,4,4,4,4,4,4,4,4,4,4,4,4,4,4</notes>
		<notes>9,9,9,9,9,9,9,9,9,9,9,9,9,9,9,9</notes>
		<notes>6,6,6,6,6,6,6,6,6,6,6,6,6,6,6,6</notes>
		<notes>7,7,7,7,7,7,7,7,7,7,7,7,7,7,7,7</notes>
		<notes>7,7,7,7,7,7,7,7,19,19,19,19,19,19,19,19</notes>
		<notes>19,19,19,19,19,19,19,19,19,19,19,19,19,19,19,19</notes>
	</tonepatterns>
	<compose>
		<part id="pre">
			<phrase></phrase>
			<phrase></phrase>
			<phrase></phrase>
			<phrase>
				<bar kind="0">1</bar>
			</phrase>
		</part>
		<part id="melody0.1.1">
			<phrase>
				<bar kind="0">2</bar>
				<bar kind="2">
					<notes>1</notes>
					<rhytm>1</rhytm>
				</bar>
			</phrase>
			<phrase>
				<bar kind="0">3</bar>
				<bar kind="2">
					<notes>1</notes>
					<rhytm>2</rhytm>
				</bar>
			</phrase>
			<phrase>
				<bar kind="0">2</bar>
				<bar kind="2">
					<notes>1</notes>
					<rhytm>1</rhytm>
				</bar>
			</phrase>
			<phrase>
				<bar kind="0">3</bar>
				<bar kind="2">
					<notes>1</notes>
					<rhytm>3</rhytm>
				</bar>
			</phrase>
		</part>
		<part id="melody0.1.2">
			<phrase>
				<bar kind="0">2</bar>
				<bar kind="2">
					<notes>1</notes>
					<rhytm>1</rhytm>
				</bar>
			</phrase>
			<phrase>
				<bar kind="0">3</bar>
				<bar kind="2">
					<notes>1</notes>
					<rhytm>2</rhytm>
				</bar>
			</phrase>
			<phrase>
				<bar kind="0">2</bar>
				<bar kind="2">
					<notes>1</notes>
					<rhytm>1</rhytm>
				</bar>
			</phrase>
			<phrase>
				<bar kind="0">3</bar>
				<bar kind="2">
					<notes>1</notes>
					<rhytm>3</rhytm>
				</bar>
				<bar kind="3" frame="12">shinrin no fukai no; chiisa i joou niyotteha yume ga yume wo miru; kanojo no tonari; naka roujo oyobi inu. joou no niwa; kanojo niyotteha watashi no yume ga yume wo miru; watashi ha kanojo no tonari niaru; watashi ni niwa ga naka aru. roujo no fukai no; ai notameno koinu za no youkyuu; kareha watashi no tonari niatta; kareha niwa no hogosha dearu. kanojo no yume no fukai no; chiisa ku akai joou ha yume wo shukketsu saseru; soshite watashi ha kanojo no tonari de yume wo miru; shikashi watashi hakono monogatari no ou dehanai. ai nosono imeji hadaredattaka; kono ai ha saishuuteki ni chuushouteki dearu; shikashianatano suteppu toshite jisshitsu; kanzen ni utsukushi ku tsukuru. watashi ha watashi wo musubi , kugiduke shitakotowo kangae ta; arigatou , watashi ha kutsuu wo shinji nai; watashi ha watashi wotsukamae , aisu rukotowo kangae ru; watashi wo tokidoki mae ni hiku. ai nosono imeji hadaredattaka; ou hadaredattaka , ookami; watashi ha kemono datta; shikashi watashi hadearuzuttoanatano kyuujosha yume wo mita. shinrin no fukai no; chiisa i joou niyotteha yume ga yume wo miru; ai nosono imeji hadaredattaka; watashi hatada katei de ima arukotowo shitte iru. sora to chikyuu kan; sayuu kan; anatato watashi kan; watashi ha niwa wo mitsu keta. shoumei ha kire ru; 2 soshite nido; soshite gatsu ni suwaru; watashitachi ha monsuta oyobi chou denatta. watashi ha kemono oyobi kemono no kira dearu; watashi ha dai 1 dearu; watashi haanatano niwa wo sukuu; watashi ha eden no hogosha dearu. watashitachi ha kotona tta gemu woshiteita; onaji ita; watashi hasaino meni kiru nage ru; soshiteanatano kaiten wo matte iru. kono ai niwa; watashitachi ha onaji kawa ni fureta; shikashi watashitachi hasorewokore ijou shinai; mou. dai 3 1 sai dearu;</bar>
			</phrase>
		</part>
		<part id="melody1.1.1">
			<phrase>
				<bar kind="0">2</bar>
				<bar kind="1">
					<notes>0</notes>
					<rhytm>1</rhytm>
				</bar>
				<bar kind="2">
					<notes>1</notes>
					<rhytm>1</rhytm>
				</bar>
			</phrase>
			<phrase>
				<bar kind="0">3</bar>
				<bar kind="1">
					<notes>0</notes>
					<rhytm>1</rhytm>
				</bar>
				<bar kind="2">
					<notes>1</notes>
					<rhytm>2</rhytm>
				</bar>
			</phrase>
			<phrase>
				<bar kind="0">2</bar>
				<bar kind="1">
					<notes>0</notes>
					<rhytm>1</rhytm>
				</bar>
				<bar kind="2">
					<notes>1</notes>
					<rhytm>1</rhytm>
				</bar>
			</phrase>
			<phrase>
				<bar kind="0">3</bar>
				<bar kind="1">
					<notes>0</notes>
					<rhytm>1</rhytm>
				</bar>
				<bar kind="2">
					<notes>1</notes>
					<rhytm>3</rhytm>
				</bar>
			</phrase>
		</part>
		<part id="melody1.1.2">
			<phrase>
				<bar kind="0">2</bar>
				<bar kind="1">
					<notes>0</notes>
					<rhytm>1</rhytm>
				</bar>
				<bar kind="2">
					<notes>1</notes>
					<rhytm>1</rhytm>
				</bar>
			</phrase>
			<phrase>
				<bar kind="0">3</bar>
				<bar kind="1">
					<notes>0</notes>
					<rhytm>1</rhytm>
				</bar>
				<bar kind="2">
					<notes>1</notes>
					<rhytm>2</rhytm>
				</bar>
			</phrase>
			<phrase>
				<bar kind="0">2</bar>
				<bar kind="1">
					<notes>0</notes>
					<rhytm>1</rhytm>
				</bar>
				<bar kind="2">
					<notes>1</notes>
					<rhytm>1</rhytm>
				</bar>
			</phrase>
			<phrase>
				<bar kind="0">3</bar>
				<bar kind="1">
					<notes>0</notes>
					<rhytm>1</rhytm>
				</bar>
				<bar kind="2">
					<notes>1</notes>
					<rhytm>3</rhytm>
				</bar>
			</phrase>
		</part>
		<part id="melody1.1.3">
			<phrase>
				<bar kind="0">2</bar>
				<bar kind="1">
					<notes>0</notes>
					<rhytm>1</rhytm>
				</bar>
				<bar kind="2">
					<notes>1</notes>
					<rhytm>1</rhytm>
				</bar>
			</phrase>
			<phrase>
				<bar kind="0">3</bar>
				<bar kind="1">
					<notes>0</notes>
					<rhytm>1</rhytm>
				</bar>
				<bar kind="2">
					<notes>1</notes>
					<rhytm>2</rhytm>
				</bar>
			</phrase>
			<phrase>
				<bar kind="0">2</bar>
				<bar kind="1">
					<notes>0</notes>
					<rhytm>1</rhytm>
				</bar>
				<bar kind="2">
					<notes>1</notes>
					<rhytm>1</rhytm>
				</bar>
			</phrase>
			<phrase>
				<bar kind="0">3</bar>
				<bar kind="1">
					<notes>0</notes>
					<rhytm>1</rhytm>
				</bar>
				<bar kind="2">
					<notes>1</notes>
					<rhytm>3</rhytm>
				</bar>
			</phrase>
		</part>
		<part id="melody1.1.4">
			<phrase>
				<bar kind="0">2</bar>
				<bar kind="1">
					<notes>0</notes>
					<rhytm>1</rhytm>
				</bar>
				<bar kind="2">
					<notes>1</notes>
					<rhytm>1</rhytm>
				</bar>
			</phrase>
			<phrase>
				<bar kind="0">3</bar>
				<bar kind="1">
					<notes>0</notes>
					<rhytm>1</rhytm>
				</bar>
				<bar kind="2">
					<notes>1</notes>
					<rhytm>2</rhytm>
				</bar>
			</phrase>
			<phrase>
				<bar kind="0">2</bar>
				<bar kind="1">
					<notes>0</notes>
					<rhytm>1</rhytm>
				</bar>
				<bar kind="2">
					<notes>1</notes>
					<rhytm>1</rhytm>
				</bar>
			</phrase>
			<phrase>
				<bar kind="0">3</bar>
				<bar kind="1">
					<notes>0</notes>
					<rhytm>1</rhytm>
				</bar>
				<bar kind="2">
					<notes>1</notes>
					<rhytm>3</rhytm>
				</bar>
			</phrase>
		</part>
		<part id="melody1.2.1">
			<phrase>
				<bar kind="0">2</bar>
				<bar kind="1">
					<notes>1</notes>
					<rhytm>1</rhytm>
				</bar>
				<bar kind="2">
					<notes>1</notes>
					<rhytm>4</rhytm>
				</bar>
			</phrase>
			<phrase>
				<bar kind="0">3</bar>
				<bar kind="1">
					<notes>1</notes>
					<rhytm>2</rhytm>
				</bar>
				<bar kind="2">
					<notes>1</notes>
					<rhytm>5</rhytm>
				</bar>
			</phrase>
			<phrase>
				<bar kind="0">2</bar>
				<bar kind="1">
					<notes>0</notes>
					<rhytm>1</rhytm>
				</bar>
				<bar kind="2">
					<notes>1</notes>
					<rhytm>6</rhytm>
				</bar>
			</phrase>
			<phrase>
				<bar kind="0">3</bar>
				<bar kind="1">
					<notes>0</notes>
					<rhytm>1</rhytm>
				</bar>
				<bar kind="2">
					<notes>1</notes>
					<rhytm>7</rhytm>
				</bar>
			</phrase>
		</part>
		<part id="melody1.2.2">
			<phrase>
				<bar kind="0">2</bar>
				<bar kind="1">
					<notes>1</notes>
					<rhytm>1</rhytm>
				</bar>
				<bar kind="2">
					<notes>1</notes>
					<rhytm>4</rhytm>
				</bar>
			</phrase>
			<phrase>
				<bar kind="0">3</bar>
				<bar kind="1">
					<notes>1</notes>
					<rhytm>2</rhytm>
				</bar>
				<bar kind="2">
					<notes>1</notes>
					<rhytm>5</rhytm>
				</bar>
			</phrase>
			<phrase>
				<bar kind="0">2</bar>
				<bar kind="1">
					<notes>0</notes>
					<rhytm>1</rhytm>
				</bar>
				<bar kind="2">
					<notes>1</notes>
					<rhytm>6</rhytm>
				</bar>
			</phrase>
			<phrase>
				<bar kind="0">3</bar>
				<bar kind="1">
					<notes>0</notes>
					<rhytm>1</rhytm>
				</bar>
				<bar kind="2">
					<notes>1</notes>
					<rhytm>8</rhytm>
				</bar>
			</phrase>
		</part>
		<part id="melody1.3">
			<phrase>
				<bar kind="0">2</bar>
				<bar kind="1">
					<notes>2</notes>
					<rhytm>1</rhytm>
				</bar>
				<bar kind="2">
					<notes>1</notes>
					<rhytm>9</rhytm>
				</bar>
			</phrase>
			<phrase>
				<bar kind="0">3</bar>
				<bar kind="1">
					<notes>2</notes>
					<rhytm>1</rhytm>
				</bar>
				<bar kind="2">
					<notes>1</notes>
					<rhytm>10</rhytm>
				</bar>
			</phrase>
			<phrase>
				<bar kind="0">2</bar>
				<bar kind="1">
					<notes>0</notes>
					<rhytm>8</rhytm>
				</bar>
				<bar kind="2">
					<notes>1</notes>
					<rhytm>6</rhytm>
				</bar>
			</phrase>
			<phrase>
				<bar kind="0">3</bar>
				<bar kind="1">
					<notes>0</notes>
					<rhytm>1</rhytm>
				</bar>
				<bar kind="2">
					<notes>1</notes>
					<rhytm>11</rhytm>
				</bar>
			</phrase>
		</part>
		<part id="melody1.4">
			<phrase>
				<bar kind="0">2</bar>
				<bar kind="1">
					<notes>3</notes>
					<rhytm>4</rhytm>
				</bar>
				<bar kind="2">
					<notes>3</notes>
					<rhytm>13</rhytm>
				</bar>
			</phrase>
			<phrase>
				<bar kind="0">3</bar>
				<bar kind="1">
					<notes>3</notes>
					<rhytm>5</rhytm>
				</bar>
				<bar kind="2">
					<notes>3</notes>
					<rhytm>14</rhytm>
				</bar>
			</phrase>
			<phrase>
				<bar kind="0">2</bar>
				<bar kind="1">
					<notes>0</notes>
					<rhytm>1</rhytm>
				</bar>
				<bar kind="2">
					<notes>3</notes>
					<rhytm>15</rhytm>
				</bar>
			</phrase>
			<phrase>
				<bar kind="0">3</bar>
				<bar kind="1">
					<notes>0</notes>
					<rhytm>1</rhytm>
				</bar>
			</phrase>
		</part>
		<part id="melody2.1.1">
			<phrase>
				<bar kind="0">4</bar>
				<bar kind="1">
					<notes>0</notes>
					<rhytm>1</rhytm>
				</bar>
				<bar kind="2">
					<notes>1</notes>
					<rhytm>1</rhytm>
				</bar>
			</phrase>
			<phrase>
				<bar kind="0">5</bar>
				<bar kind="1">
					<notes>0</notes>
					<rhytm>1</rhytm>
				</bar>
				<bar kind="2">
					<notes>1</notes>
					<rhytm>2</rhytm>
				</bar>
			</phrase>
			<phrase>
				<bar kind="0">4</bar>
				<bar kind="1">
					<notes>0</notes>
					<rhytm>1</rhytm>
				</bar>
				<bar kind="2">
					<notes>1</notes>
					<rhytm>1</rhytm>
				</bar>
			</phrase>
			<phrase>
				<bar kind="0">5</bar>
				<bar kind="1">
					<notes>0</notes>
					<rhytm>1</rhytm>
				</bar>
				<bar kind="2">
					<notes>1</notes>
					<rhytm>3</rhytm>
				</bar>
			</phrase>
		</part>
		<part id="melody2.1.2">
			<phrase>
				<bar kind="0">4</bar>
				<bar kind="1">
					<notes>0</notes>
					<rhytm>1</rhytm>
				</bar>
				<bar kind="2">
					<notes>1</notes>
					<rhytm>1</rhytm>
				</bar>
			</phrase>
			<phrase>
				<bar kind="0">5</bar>
				<bar kind="1">
					<notes>0</notes>
					<rhytm>1</rhytm>
				</bar>
				<bar kind="2">
					<notes>1</notes>
					<rhytm>2</rhytm>
				</bar>
			</phrase>
			<phrase>
				<bar kind="0">4</bar>
				<bar kind="1">
					<notes>0</notes>
					<rhytm>1</rhytm>
				</bar>
				<bar kind="2">
					<notes>1</notes>
					<rhytm>1</rhytm>
				</bar>
			</phrase>
			<phrase>
				<bar kind="0">5</bar>
				<bar kind="1">
					<notes>0</notes>
					<rhytm>1</rhytm>
				</bar>
				<bar kind="2">
					<notes>1</notes>
					<rhytm>3</rhytm>
				</bar>
			</phrase>
		</part>
		<part id="melody2.1.3">
			<phrase>
				<bar kind="0">4</bar>
				<bar kind="1">
					<notes>0</notes>
					<rhytm>1</rhytm>
				</bar>
				<bar kind="2">
					<notes>1</notes>
					<rhytm>1</rhytm>
				</bar>
			</phrase>
			<phrase>
				<bar kind="0">5</bar>
				<bar kind="1">
					<notes>0</notes>
					<rhytm>1</rhytm>
				</bar>
				<bar kind="2">
					<notes>1</notes>
					<rhytm>2</rhytm>
				</bar>
			</phrase>
			<phrase>
				<bar kind="0">4</bar>
				<bar kind="1">
					<notes>0</notes>
					<rhytm>1</rhytm>
				</bar>
				<bar kind="2">
					<notes>1</notes>
					<rhytm>1</rhytm>
				</bar>
			</phrase>
			<phrase>
				<bar kind="0">5</bar>
				<bar kind="1">
					<notes>0</notes>
					<rhytm>1</rhytm>
				</bar>
				<bar kind="2">
					<notes>1</notes>
					<rhytm>3</rhytm>
				</bar>
			</phrase>
		</part>
		<part id="melody2.1.4">
			<phrase>
				<bar kind="0">4</bar>
				<bar kind="1">
					<notes>0</notes>
					<rhytm>1</rhytm>
				</bar>
				<bar kind="2">
					<notes>1</notes>
					<rhytm>1</rhytm>
				</bar>
			</phrase>
			<phrase>
				<bar kind="0">5</bar>
				<bar kind="1">
					<notes>0</notes>
					<rhytm>1</rhytm>
				</bar>
				<bar kind="2">
					<notes>1</notes>
					<rhytm>2</rhytm>
				</bar>
			</phrase>
			<phrase>
				<bar kind="0">4</bar>
				<bar kind="1">
					<notes>0</notes>
					<rhytm>1</rhytm>
				</bar>
				<bar kind="2">
					<notes>1</notes>
					<rhytm>1</rhytm>
				</bar>
			</phrase>
			<phrase>
				<bar kind="0">5</bar>
				<bar kind="1">
					<notes>0</notes>
					<rhytm>1</rhytm>
				</bar>
				<bar kind="2">
					<notes>1</notes>
					<rhytm>3</rhytm>
				</bar>
			</phrase>
		</part>
		<part id="melody2.2.1">
			<phrase>
				<bar kind="0">4</bar>
				<bar kind="1">
					<notes>1</notes>
					<rhytm>1</rhytm>
				</bar>
				<bar kind="2">
					<notes>1</notes>
					<rhytm>4</rhytm>
				</bar>
			</phrase>
			<phrase>
				<bar kind="0">5</bar>
				<bar kind="1">
					<notes>1</notes>
					<rhytm>2</rhytm>
				</bar>
				<bar kind="2">
					<notes>1</notes>
					<rhytm>5</rhytm>
				</bar>
			</phrase>
			<phrase>
				<bar kind="0">4</bar>
				<bar kind="1">
					<notes>0</notes>
					<rhytm>1</rhytm>
				</bar>
				<bar kind="2">
					<notes>1</notes>
					<rhytm>6</rhytm>
				</bar>
			</phrase>
			<phrase>
				<bar kind="0">5</bar>
				<bar kind="1">
					<notes>0</notes>
					<rhytm>1</rhytm>
				</bar>
				<bar kind="2">
					<notes>1</notes>
					<rhytm>7</rhytm>
				</bar>
			</phrase>
		</part>
		<part id="melody2.2.2">
			<phrase>
				<bar kind="0">4</bar>
				<bar kind="1">
					<notes>1</notes>
					<rhytm>1</rhytm>
				</bar>
				<bar kind="2">
					<notes>1</notes>
					<rhytm>4</rhytm>
				</bar>
			</phrase>
			<phrase>
				<bar kind="0">5</bar>
				<bar kind="1">
					<notes>1</notes>
					<rhytm>2</rhytm>
				</bar>
				<bar kind="2">
					<notes>1</notes>
					<rhytm>5</rhytm>
				</bar>
			</phrase>
			<phrase>
				<bar kind="0">4</bar>
				<bar kind="1">
					<notes>0</notes>
					<rhytm>1</rhytm>
				</bar>
				<bar kind="2">
					<notes>1</notes>
					<rhytm>6</rhytm>
				</bar>
			</phrase>
			<phrase>
				<bar kind="0">5</bar>
				<bar kind="1">
					<notes>0</notes>
					<rhytm>1</rhytm>
				</bar>
				<bar kind="2">
					<notes>1</notes>
					<rhytm>8</rhytm>
				</bar>
			</phrase>
		</part>
		<part id="melody2.3">
			<phrase>
				<bar kind="0">4</bar>
				<bar kind="1">
					<notes>2</notes>
					<rhytm>1</rhytm>
				</bar>
				<bar kind="2">
					<notes>1</notes>
					<rhytm>9</rhytm>
				</bar>
			</phrase>
			<phrase>
				<bar kind="0">5</bar>
				<bar kind="1">
					<notes>2</notes>
					<rhytm>1</rhytm>
				</bar>
				<bar kind="2">
					<notes>1</notes>
					<rhytm>10</rhytm>
				</bar>
			</phrase>
			<phrase>
				<bar kind="0">4</bar>
				<bar kind="1">
					<notes>0</notes>
					<rhytm>8</rhytm>
				</bar>
				<bar kind="2">
					<notes>1</notes>
					<rhytm>6</rhytm>
				</bar>
			</phrase>
			<phrase>
				<bar kind="0">5</bar>
				<bar kind="1">
					<notes>0</notes>
					<rhytm>1</rhytm>
				</bar>
				<bar kind="2">
					<notes>1</notes>
					<rhytm>11</rhytm>
				</bar>
			</phrase>
		</part>
		<part id="melody2.4">
			<phrase>
				<bar kind="0">4</bar>
				<bar kind="1">
					<notes>3</notes>
					<rhytm>4</rhytm>
				</bar>
				<bar kind="2">
					<notes>3</notes>
					<rhytm>13</rhytm>
				</bar>
			</phrase>
			<phrase>
				<bar kind="0">5</bar>
				<bar kind="1">
					<notes>3</notes>
					<rhytm>5</rhytm>
				</bar>
				<bar kind="2">
					<notes>3</notes>
					<rhytm>14</rhytm>
				</bar>
			</phrase>
			<phrase>
				<bar kind="0">4</bar>
				<bar kind="1">
					<notes>0</notes>
					<rhytm>1</rhytm>
				</bar>
				<bar kind="2">
					<notes>3</notes>
					<rhytm>15</rhytm>
				</bar>
			</phrase>
			<phrase>
				<bar kind="0">5</bar>
				<bar kind="1">
					<notes>0</notes>
					<rhytm>8</rhytm>
				</bar>
				<bar kind="2">
					<notes>3</notes>
					<rhytm>16</rhytm>
				</bar>
			</phrase>
		</part>
		<part id="melody2.4.kuatik">
			<phrase>
				<bar kind="0">4</bar>
				<bar kind="1">
					<notes>3</notes>
					<rhytm>4</rhytm>
				</bar>
				<bar kind="2">
					<notes>3</notes>
					<rhytm>13</rhytm>
				</bar>
			</phrase>
			<phrase>
				<bar kind="0">5</bar>
				<bar kind="1">
					<notes>3</notes>
					<rhytm>5</rhytm>
				</bar>
				<bar kind="2">
					<notes>4</notes>
					<rhytm>14</rhytm>
				</bar>
			</phrase>
			<phrase>
				<bar kind="0">4</bar>
				<bar kind="1">
					<notes>0</notes>
					<rhytm>1</rhytm>
				</bar>
				<bar kind="2">
					<notes>5</notes>
					<rhytm>15</rhytm>
				</bar>
			</phrase>
			<phrase>
				<bar kind="0">5</bar>
				<bar kind="1">
					<notes>0</notes>
					<rhytm>1</rhytm>
				</bar>
			</phrase>
		</part>
		<part id="melody3.1.1">
			<phrase>
				<bar kind="0">4</bar>
				<bar kind="1">
					<notes>0</notes>
					<rhytm>1</rhytm>
				</bar>
				<bar kind="2">
					<notes>1</notes>
					<rhytm>1</rhytm>
				</bar>
			</phrase>
			<phrase>
				<bar kind="0">5</bar>
				<bar kind="1">
					<notes>0</notes>
					<rhytm>1</rhytm>
				</bar>
				<bar kind="2">
					<notes>1</notes>
					<rhytm>2</rhytm>
				</bar>
			</phrase>
			<phrase>
				<bar kind="0">4</bar>
				<bar kind="1">
					<notes>0</notes>
					<rhytm>1</rhytm>
				</bar>
				<bar kind="2">
					<notes>1</notes>
					<rhytm>1</rhytm>
				</bar>
			</phrase>
			<phrase>
				<bar kind="0">5</bar>
				<bar kind="1">
					<notes>0</notes>
					<rhytm>1</rhytm>
				</bar>
				<bar kind="2">
					<notes>1</notes>
					<rhytm>3</rhytm>
				</bar>
			</phrase>
		</part>
		<part id="melody3.1.2">
			<phrase>
				<bar kind="0">4</bar>
				<bar kind="1">
					<notes>0</notes>
					<rhytm>1</rhytm>
				</bar>
				<bar kind="2">
					<notes>1</notes>
					<rhytm>1</rhytm>
				</bar>
			</phrase>
			<phrase>
				<bar kind="0">5</bar>
				<bar kind="1">
					<notes>0</notes>
					<rhytm>1</rhytm>
				</bar>
				<bar kind="2">
					<notes>1</notes>
					<rhytm>2</rhytm>
				</bar>
			</phrase>
			<phrase>
				<bar kind="0">4</bar>
				<bar kind="1">
					<notes>0</notes>
					<rhytm>1</rhytm>
				</bar>
				<bar kind="2">
					<notes>1</notes>
					<rhytm>1</rhytm>
				</bar>
			</phrase>
			<phrase>
				<bar kind="0">5</bar>
				<bar kind="1">
					<notes>0</notes>
					<rhytm>1</rhytm>
				</bar>
				<bar kind="2">
					<notes>1</notes>
					<rhytm>3</rhytm>
				</bar>
			</phrase>
		</part>
		<part id="melody3.1.3">
			<phrase>
				<bar kind="0">4</bar>
				<bar kind="1">
					<notes>0</notes>
					<rhytm>1</rhytm>
				</bar>
				<bar kind="2">
					<notes>1</notes>
					<rhytm>1</rhytm>
				</bar>
			</phrase>
			<phrase>
				<bar kind="0">5</bar>
				<bar kind="1">
					<notes>0</notes>
					<rhytm>1</rhytm>
				</bar>
				<bar kind="2">
					<notes>1</notes>
					<rhytm>2</rhytm>
				</bar>
			</phrase>
			<phrase>
				<bar kind="0">4</bar>
				<bar kind="1">
					<notes>0</notes>
					<rhytm>1</rhytm>
				</bar>
				<bar kind="2">
					<notes>1</notes>
					<rhytm>1</rhytm>
				</bar>
			</phrase>
			<phrase>
				<bar kind="0">5</bar>
				<bar kind="1">
					<notes>0</notes>
					<rhytm>1</rhytm>
				</bar>
				<bar kind="2">
					<notes>1</notes>
					<rhytm>3</rhytm>
				</bar>
			</phrase>
		</part>
		<part id="melody3.1.4">
			<phrase>
				<bar kind="0">4</bar>
				<bar kind="1">
					<notes>0</notes>
					<rhytm>1</rhytm>
				</bar>
				<bar kind="2">
					<notes>1</notes>
					<rhytm>1</rhytm>
				</bar>
			</phrase>
			<phrase>
				<bar kind="0">5</bar>
				<bar kind="1">
					<notes>0</notes>
					<rhytm>1</rhytm>
				</bar>
				<bar kind="2">
					<notes>1</notes>
					<rhytm>2</rhytm>
				</bar>
			</phrase>
			<phrase>
				<bar kind="0">4</bar>
				<bar kind="1">
					<notes>0</notes>
					<rhytm>1</rhytm>
				</bar>
				<bar kind="2">
					<notes>1</notes>
					<rhytm>1</rhytm>
				</bar>
			</phrase>
			<phrase>
				<bar kind="0">5</bar>
				<bar kind="1">
					<notes>0</notes>
					<rhytm>1</rhytm>
				</bar>
				<bar kind="2">
					<notes>1</notes>
					<rhytm>3</rhytm>
				</bar>
			</phrase>
		</part>
		<part id="melody3.4">
			<phrase>
				<bar kind="0">4</bar>
				<bar kind="1">
					<notes>3</notes>
					<rhytm>4</rhytm>
				</bar>
				<bar kind="2">
					<notes>3</notes>
					<rhytm>13</rhytm>
				</bar>
				<bar kind="3" frame="4">soshite inu ha heya no chuukan nomusabori kuu; soshite shoku ganiyotte yume wo miru; soshite inu ha heya no chuukan nomusabori kuu; soshite. subetegakokoni kaika surunode;</bar>
			</phrase>
			<phrase>
				<bar kind="0">5</bar>
				<bar kind="1">
					<notes>3</notes>
					<rhytm>5</rhytm>
				</bar>
				<bar kind="2">
					<notes>3</notes>
					<rhytm>14</rhytm>
				</bar>
			</phrase>
			<phrase>
				<bar kind="0">4</bar>
				<bar kind="1">
					<notes>0</notes>
					<rhytm>1</rhytm>
				</bar>
				<bar kind="2">
					<notes>3</notes>
					<rhytm>15</rhytm>
				</bar>
			</phrase>
			<phrase>
				<bar kind="0">5</bar>
				<bar kind="1">
					<notes>0</notes>
					<rhytm>8</rhytm>
				</bar>
				<bar kind="2">
					<notes>3</notes>
					<rhytm>16</rhytm>
				</bar>
			</phrase>
		</part>
		<part id="melody3.4.kuatik">
			<phrase>
				<bar kind="0">4</bar>
				<bar kind="1">
					<notes>3</notes>
					<rhytm>4</rhytm>
				</bar>
				<bar kind="2">
					<notes>3</notes>
					<rhytm>13</rhytm>
				</bar>
			</phrase>
			<phrase>
				<bar kind="0">5</bar>
				<bar kind="1">
					<notes>3</notes>
					<rhytm>5</rhytm>
				</bar>
				<bar kind="2">
					<notes>4</notes>
					<rhytm>14</rhytm>
				</bar>
			</phrase>
			<phrase>
				<bar kind="0">4</bar>
				<bar kind="1">
					<notes>0</notes>
					<rhytm>1</rhytm>
				</bar>
				<bar kind="2">
					<notes>5</notes>
					<rhytm>15</rhytm>
				</bar>
			</phrase>
			<phrase>
				<bar kind="0">6</bar>
				<bar kind="1">
					<notes>1</notes>
					<rhytm>3</rhytm>
				</bar>
			</phrase>
		</part>
		<part id="last">
			<phrase></phrase>
			<phrase></phrase>
			<phrase></phrase>
			<phrase></phrase>
		</part>		
	</compose>
</song>

