<?xml version="1.0" encoding="iso-8859-1"?>
<song name="silverstein">
	<settings>
		<tempo>150</tempo>
		<loopeable>false</loopeable>
		<levels>
			<mainlevel>127</mainlevel>
			<drumlevel>127</drumlevel>
			<basslevel>127</basslevel>
			<guitarlevel>102</guitarlevel>
		</levels>
		<instruments>
			<bassinstrument>71</bassinstrument>
			<guitarinstrument>76</guitarinstrument>
		</instruments>
	</settings>
	<patterns>
		<drumpatterns>
			<drumpattern>
				<pad name="rimshot" id="37"   >----------------</pad>
			</drumpattern>
			<drumpattern>
				<pad name="rimshot" id="37"   >F---F---F---F---</pad>
			</drumpattern>
			<drumpattern>
				<pad name="bassdrum"  id="35" >F---F---F---F---</pad>
				<pad name="snaredrum" id="38" >----F-------F---</pad>
				<pad name="pedalHH"   id="44" >--F---F---F---F-</pad>
			</drumpattern>
			<drumpattern>
				<pad name="bassdrum"  id="35" >F----F--F----F--</pad>
				<pad name="snaredrum" id="38" >----F-------F---</pad>
				<pad name="pedalHH"   id="44" >--F---F---F---F-</pad>
			</drumpattern>
			<drumpattern>
				<pad name="bassdrum"  id="35" >F---F---F--F-F--</pad>
				<pad name="snaredrum" id="38" >----F-------F---</pad>
				<pad name="pedalHH"   id="44" >--F---F---F-9EFE</pad>
				<pad name="openHH"    id="46" >--8---8---A---8-</pad>
			</drumpattern>
			<drumpattern>
				<pad name="bassdrum"  id="35" >F--F--F--F-F-F-F</pad>
				<pad name="snaredrum" id="38" >----F-------F---</pad>
				<pad name="pedalHH"   id="44" >---F---F---F---F</pad>
				<pad name="openHH"    id="46" >C-8-B-8-A-8-D-F-</pad>
			</drumpattern>
			<drumpattern>
				<pad name="bassdrum"  id="35" >F---F---F---F---</pad>
				<pad name="snaredrum" id="38" >----F-------F---</pad>
				<pad name="pedalHH"   id="44" >99FF99FF99FF99FF</pad>
			</drumpattern>
			<drumpattern>
				<pad name="bassdrum"  id="35" >F----F--F----F--</pad>
				<pad name="snaredrum" id="38" >----F-------F---</pad>
				<pad name="pedalHH"   id="44" >99FF99FF99FF99FF</pad>
			</drumpattern>
			<drumpattern>
				<pad name="bassdrum"  id="35" >F---F---F--F-F--</pad>
				<pad name="snaredrum" id="38" >F---F---F---F---</pad>
				<pad name="pedalHH"   id="44" >99FF99FF99FF99FF</pad>
				<pad name="openHH"    id="46" >--8---8---A---8-</pad>
			</drumpattern>
			<drumpattern>
				<pad name="bassdrum"  id="35" >F---F---F--F-F--</pad>
				<pad name="snaredrum" id="38" >F---F---F---F---</pad>
				<pad name="pedalHH"   id="44" >-9-F-9-F-9--99-F</pad>
				<pad name="openHH"    id="46" >C-8---8-6-C---F-</pad>
			</drumpattern>
			<drumpattern>
				<pad name="bassdrum"  id="35" >F---F---F---F---</pad>
				<pad name="snaredrum" id="38" >F---F---F---F---</pad>
				<pad name="pedalHH"   id="44" >99FF99FF99FF99FF</pad>
				<pad name="openHH"    id="46" >--8---8---A---8-</pad>
			</drumpattern>
			<drumpattern>
				<pad name="bassdrum"  id="35" >F--F--F--F--F---</pad>
				<pad name="snaredrum" id="38" >F---F---F---F---</pad>
				<pad name="pedalHH"   id="44" >-9-F-9-F-9--99-F</pad>
				<pad name="openHH"    id="46" >C-8---8-6-C---F-</pad>
			</drumpattern>
			<drumpattern>
				<pad name="bassdrum"  id="35" >F--F--F--F--F---</pad>
				<pad name="snaredrum" id="38" >FFFFFFFFFFFFFFFF</pad>
				<pad name="pedalHH"   id="44" >9-F-9-F-9-9-9-F-</pad>
				<pad name="openHH"    id="46" >----------C-A-F-</pad>
			</drumpattern>
			<drumpattern>
				<pad name="bassdrum"  id="35" >F---F---F---F---</pad>
				<pad name="snaredrum" id="38" >----------------</pad>
				<pad name="pedalHH"   id="44" >9---9---9--9---</pad>
			</drumpattern>
			<drumpattern>
				<pad name="bassdrum" id="35"  >F---------------</pad>
				<pad name="snaredrum" id="38" >F---------------</pad>
				<pad name="crash"     id="49" >F---------------</pad>
			</drumpattern>
		</drumpatterns>  
		<basspatterns>
			<basspattern>
				<pattern>----------------</pattern>
			</basspattern>
			<basspattern>
				<pattern>0-0-0-0-0-0-0-0-</pattern>
			</basspattern>
			<basspattern>
				<pattern>X---------------</pattern>
			</basspattern>
		</basspatterns>
		<guitarpatterns>
			<guitarpattern>
				<pattern>----------------</pattern>
			</guitarpattern>
			<guitarpattern>
				<pattern>0-0-0-0-0-0-0-0-</pattern>
				<pattern>7-7-7-7-7-7-7-7-</pattern>
			</guitarpattern>
		</guitarpatterns>
	</patterns>
	<tonepatterns>
		<notes>11,11,13,13,13,13,11,11,13,13,13,13,11,11,13,13</notes>
		<notes>11,11,11,13,13,11,13,13,14,14,14,14,14,14,14,14</notes>
		<notes>11,11,13,13,13,13,11,11,13,13,13,13,11,11,13,13</notes>
		<notes>14,14,14,14,14,14,14,14,14,14,14,14,14,14,14,14</notes>
		<notes>11,11,11,11,11,11,11,11,11,11,11,11,11,11,11,11</notes>
		<notes>7,7,7,7,7,7,7,7,7,7,7,7,7,7,7,7</notes>
		<notes>9,9,9,9,9,9,9,9,9,9,9,9,9,9,9,9</notes>
		<notes>17,17,17,17,17,17,17,17,16,16,16,16,16,16,16,16</notes>
	</tonepatterns>
	<compose>
		<part id="pre">
			<phrase></phrase>
			<phrase></phrase>
			<phrase></phrase>
			<phrase>
				<bar kind="0">1</bar>
			</phrase>
		</part>
		<part id="A1.1">
			<phrase>
				<bar kind="0">2</bar>
				<bar kind="1">
					<notes>0</notes>
					<rhytm>1</rhytm>
				</bar>
			</phrase>
			<phrase>
				<bar kind="0">3</bar>
				<bar kind="1">
					<notes>1</notes>
					<rhytm>1</rhytm>
				</bar>
			</phrase>
			<phrase>
				<bar kind="0">4</bar>
				<bar kind="1">
					<notes>2</notes>
					<rhytm>1</rhytm>
				</bar>
			</phrase>
			<phrase>
				<bar kind="0">5</bar>
				<bar kind="1">
					<notes>3</notes>
					<rhytm>1</rhytm>
				</bar>
			</phrase>
		</part>
		<part id="A1.2">
			<phrase>
				<bar kind="0">2</bar>
				<bar kind="1">
					<notes>0</notes>
					<rhytm>1</rhytm>
				</bar>
			</phrase>
			<phrase>
				<bar kind="0">3</bar>
				<bar kind="1">
					<notes>1</notes>
					<rhytm>1</rhytm>
				</bar>
			</phrase>
			<phrase>
				<bar kind="0">4</bar>
				<bar kind="1">
					<notes>2</notes>
					<rhytm>1</rhytm>
				</bar>
			</phrase>
			<phrase>
				<bar kind="0">5</bar>
				<bar kind="1">
					<notes>3</notes>
					<rhytm>1</rhytm>
				</bar>
			</phrase>
		</part>
		<part id="A1.3">
			<phrase>
				<bar kind="0">2</bar>
				<bar kind="1">
					<notes>0</notes>
					<rhytm>1</rhytm>
				</bar>
			</phrase>
			<phrase>
				<bar kind="0">3</bar>
				<bar kind="1">
					<notes>1</notes>
					<rhytm>1</rhytm>
				</bar>
			</phrase>
			<phrase>
				<bar kind="0">4</bar>
				<bar kind="1">
					<notes>2</notes>
					<rhytm>1</rhytm>
				</bar>
			</phrase>
			<phrase>
				<bar kind="0">5</bar>
				<bar kind="1">
					<notes>3</notes>
					<rhytm>1</rhytm>
				</bar>
			</phrase>
		</part>
		<part id="A1.4">
			<phrase>
				<bar kind="0">2</bar>
				<bar kind="1">
					<notes>0</notes>
					<rhytm>1</rhytm>
				</bar>
			</phrase>
			<phrase>
				<bar kind="0">3</bar>
				<bar kind="1">
					<notes>1</notes>
					<rhytm>1</rhytm>
				</bar>
			</phrase>
			<phrase>
				<bar kind="0">4</bar>
				<bar kind="1">
					<notes>2</notes>
					<rhytm>1</rhytm>
				</bar>
			</phrase>
			<phrase>
				<bar kind="0">11</bar>
				<bar kind="1">
					<notes>3</notes>
					<rhytm>1</rhytm>
				</bar>
				<bar kind="3" frame="8">lo q no c usa c cae, loco</bar>
			</phrase>
		</part>
		<part id="B1.1">
			<phrase>
				<bar kind="0">6</bar>
				<bar kind="1">
					<notes>4</notes>
					<rhytm>1</rhytm>
				</bar>
			</phrase>
			<phrase>
				<bar kind="0">7</bar>
				<bar kind="1">
					<notes>4</notes>
					<rhytm>1</rhytm>
				</bar>
				<bar kind="3" frame="8">el hambre modela el caracter</bar>
			</phrase>
			<phrase>
				<bar kind="0">8</bar>
				<bar kind="1">
					<notes>5</notes>
					<rhytm>1</rhytm>
				</bar>
			</phrase>
			<phrase>
				<bar kind="0">9</bar>
				<bar kind="1">
					<notes>6</notes>
					<rhytm>1</rhytm>
				</bar>
				<bar kind="3" frame="8">lo q no c come c pudre</bar>
			</phrase>
		</part>
		<part id="B1.2">
			<phrase>
				<bar kind="0">6</bar>
				<bar kind="1">
					<notes>4</notes>
					<rhytm>1</rhytm>
				</bar>
			</phrase>
			<phrase>
				<bar kind="0">7</bar>
				<bar kind="1">
					<notes>4</notes>
					<rhytm>1</rhytm>
				</bar>
				<bar kind="3" frame="8">conduce tu apetito</bar>
			</phrase>
			<phrase>
				<bar kind="0">8</bar>
				<bar kind="1">
					<notes>5</notes>
					<rhytm>1</rhytm>
				</bar>
			</phrase>
			<phrase>
				<bar kind="0">9</bar>
				<bar kind="1">
					<notes>6</notes>
					<rhytm>1</rhytm>
				</bar>
				<bar kind="3" frame="8">lo q no c caga envenena</bar>
			</phrase>
		</part>
		<part id="B1.3">
			<phrase>
				<bar kind="0">6</bar>
				<bar kind="1">
					<notes>4</notes>
					<rhytm>1</rhytm>
				</bar>
			</phrase>
			<phrase>
				<bar kind="0">7</bar>
				<bar kind="1">
					<notes>4</notes>
					<rhytm>1</rhytm>
				</bar>
				<bar kind="3" frame="8">hay q pelar el ajo a veces</bar>
			</phrase>
			<phrase>
				<bar kind="0">8</bar>
				<bar kind="1">
					<notes>5</notes>
					<rhytm>1</rhytm>
				</bar>
			</phrase>
			<phrase>
				<bar kind="0">9</bar>
				<bar kind="1">
					<notes>6</notes>
					<rhytm>1</rhytm>
				</bar>
				<bar kind="3" frame="8">lo q no c juega c pierde</bar>
			</phrase>
		</part>
		<part id="B1.4">
			<phrase>
				<bar kind="0">6</bar>
				<bar kind="1">
					<notes>4</notes>
					<rhytm>1</rhytm>
				</bar>
			</phrase>
			<phrase>
				<bar kind="0">7</bar>
				<bar kind="1">
					<notes>4</notes>
					<rhytm>1</rhytm>
				</bar>
				<bar kind="3" frame="8">avispate con tus talentos</bar>
			</phrase>
			<phrase>
				<bar kind="0">13</bar>
				<bar kind="1">
					<notes>5</notes>
					<rhytm>1</rhytm>
				</bar>
			</phrase>
			<phrase>
				<bar kind="0">12</bar>
				<bar kind="1">
					<notes>6</notes>
					<rhytm>1</rhytm>
				</bar>
			</phrase>
		</part>
		<part id="A2.1">
			<phrase>
				<bar kind="0">2</bar>
				<bar kind="1">
					<notes>0</notes>
					<rhytm>1</rhytm>
				</bar>
				<bar kind="3" frame="0">muestra tu silverstein, loco</bar>
			</phrase>
			<phrase>
				<bar kind="0">3</bar>
				<bar kind="1">
					<notes>1</notes>
					<rhytm>1</rhytm>
				</bar>
			</phrase>
			<phrase>
				<bar kind="0">4</bar>
				<bar kind="1">
					<notes>2</notes>
					<rhytm>1</rhytm>
				</bar>
				<bar kind="3" frame="0">sakale punta al lapiz, como el sapo livingstone</bar>
			</phrase>
			<phrase>
				<bar kind="0">5</bar>
				<bar kind="1">
					<notes>3</notes>
					<rhytm>1</rhytm>
				</bar>
			</phrase>
		</part>
		<part id="A2.2">
			<phrase>
				<bar kind="0">2</bar>
				<bar kind="1">
					<notes>0</notes>
					<rhytm>1</rhytm>
				</bar>
				<bar kind="3" frame="8">remueve esa frustracion de mierda</bar>
			</phrase>
			<phrase>
				<bar kind="0">3</bar>
				<bar kind="1">
					<notes>1</notes>
					<rhytm>1</rhytm>
				</bar>
			</phrase>
			<phrase>
				<bar kind="0">4</bar>
				<bar kind="1">
					<notes>2</notes>
					<rhytm>1</rhytm>
				</bar>
				<bar kind="3" frame="8">eris luz, loco</bar>
			</phrase>
			<phrase>
				<bar kind="0">11</bar>
				<bar kind="1">
					<notes>3</notes>
					<rhytm>1</rhytm>
				</bar>
			</phrase>
		</part>
		<part id="C1.1">
			<phrase>
				<bar kind="0">10</bar>
				<bar kind="1">
					<notes>4</notes>
					<rhytm>1</rhytm>
				</bar>
				<bar kind="3" frame="4">oooooh yabadabaaaaa</bar>
			</phrase>
			<phrase>
				<bar kind="0">11</bar>
				<bar kind="1">
					<notes>7</notes>
					<rhytm>1</rhytm>
				</bar>
			</phrase>
		</part>
		<part id="C1.2">
			<phrase>
				<bar kind="0">10</bar>
				<bar kind="1">
					<notes>4</notes>
					<rhytm>1</rhytm>
				</bar>
				<bar kind="3" frame="4">oooooh yabadabaaaaa</bar>
			</phrase>
			<phrase>
				<bar kind="0">11</bar>
				<bar kind="1">
					<notes>7</notes>
					<rhytm>1</rhytm>
				</bar>
			</phrase>
		</part>
		<part id="C1.3">
			<phrase>
				<bar kind="0">10</bar>
				<bar kind="1">
					<notes>4</notes>
					<rhytm>1</rhytm>
				</bar>
				<bar kind="3" frame="4">oooooh yabadabaaaaa</bar>
			</phrase>
			<phrase>
				<bar kind="0">11</bar>
				<bar kind="1">
					<notes>7</notes>
					<rhytm>1</rhytm>
				</bar>
			</phrase>
		</part>
		<part id="C1.4">
			<phrase>
				<bar kind="0">10</bar>
				<bar kind="1">
					<notes>4</notes>
					<rhytm>1</rhytm>
				</bar>
				<bar kind="3" frame="4">oooooh yabadabaaaaa, duuu</bar>
			</phrase>
			<phrase>
				<bar kind="0">11</bar>
				<bar kind="1">
					<notes>7</notes>
					<rhytm>1</rhytm>
				</bar>
			</phrase>
		</part>
		<part id="B2.1">
			<phrase>
				<bar kind="0">6</bar>
				<bar kind="1">
					<notes>4</notes>
					<rhytm>1</rhytm>
				</bar>
				<bar kind="3" frame="8">cansado de gritar q nunka nada es suficiente</bar>
			</phrase>
			<phrase>
				<bar kind="0">7</bar>
				<bar kind="1">
					<notes>4</notes>
					<rhytm>1</rhytm>
				</bar>
			</phrase>
			<phrase>
				<bar kind="0">8</bar>
				<bar kind="1">
					<notes>5</notes>
					<rhytm>1</rhytm>
				</bar>
			</phrase>
			<phrase>
				<bar kind="0">9</bar>
				<bar kind="1">
					<notes>6</notes>
					<rhytm>1</rhytm>
				</bar>
				<bar kind="3" frame="8">me tiro sobre el pasto y miro como giro al frente</bar>
			</phrase>
		</part>
		<part id="B2.2">
			<phrase>
				<bar kind="0">6</bar>
				<bar kind="1">
					<notes>4</notes>
					<rhytm>1</rhytm>
				</bar>
			</phrase>
			<phrase>
				<bar kind="0">7</bar>
				<bar kind="1">
					<notes>4</notes>
					<rhytm>1</rhytm>
				</bar>
			</phrase>
			<phrase>
				<bar kind="0">8</bar>
				<bar kind="1">
					<notes>5</notes>
					<rhytm>1</rhytm>
				</bar>
			</phrase>
			<phrase>
				<bar kind="0">9</bar>
				<bar kind="1">
					<notes>6</notes>
					<rhytm>1</rhytm>
				</bar>
				<bar kind="3" frame="8">yo kiero q estes bien aunkestes lejos y yo solo</bar>
			</phrase>
		</part>
		<part id="B2.3">
			<phrase>
				<bar kind="0">6</bar>
				<bar kind="1">
					<notes>4</notes>
					<rhytm>1</rhytm>
				</bar>
			</phrase>
			<phrase>
				<bar kind="0">7</bar>
				<bar kind="1">
					<notes>4</notes>
					<rhytm>1</rhytm>
				</bar>
			</phrase>
			<phrase>
				<bar kind="0">8</bar>
				<bar kind="1">
					<notes>5</notes>
					<rhytm>1</rhytm>
				</bar>
			</phrase>
			<phrase>
				<bar kind="0">9</bar>
				<bar kind="1">
					<notes>6</notes>
					<rhytm>1</rhytm>
				</bar>
				<bar kind="3" frame="8">no me preocupa el tiempo</bar>
			</phrase>
		</part>
		<part id="B2.4">
			<phrase>
				<bar kind="0">6</bar>
				<bar kind="1">
					<notes>4</notes>
					<rhytm>1</rhytm>
				</bar>
			</phrase>
			<phrase>
				<bar kind="0">7</bar>
				<bar kind="1">
					<notes>4</notes>
					<rhytm>1</rhytm>
				</bar>
				<bar kind="3" frame="8">porque</bar>
			</phrase>
			<phrase>
				<bar kind="0">13</bar>
				<bar kind="1">
					<notes>5</notes>
					<rhytm>1</rhytm>
				</bar>
				<bar kind="3" frame="8">soy</bar>
			</phrase>
			<phrase>
				<bar kind="0">12</bar>
				<bar kind="1">
					<notes>6</notes>
					<rhytm>1</rhytm>
				</bar>
			</phrase>
		</part>
		<part id="A3.1">
			<phrase>
				<bar kind="0">2</bar>
				<bar kind="1">
					<notes>0</notes>
					<rhytm>1</rhytm>
				</bar>
				<bar kind="3" frame="0">muestra tu silverstein, loco</bar>
			</phrase>
			<phrase>
				<bar kind="0">3</bar>
				<bar kind="1">
					<notes>1</notes>
					<rhytm>1</rhytm>
				</bar>
			</phrase>
			<phrase>
				<bar kind="0">4</bar>
				<bar kind="1">
					<notes>2</notes>
					<rhytm>1</rhytm>
				</bar>
				<bar kind="3" frame="0">sakale punta al lapiz, como el sapo livingstone</bar>
			</phrase>
			<phrase>
				<bar kind="0">5</bar>
				<bar kind="1">
					<notes>3</notes>
					<rhytm>1</rhytm>
				</bar>
			</phrase>
		</part>
		<part id="A3.2">
			<phrase>
				<bar kind="0">2</bar>
				<bar kind="1">
					<notes>0</notes>
					<rhytm>1</rhytm>
				</bar>
				<bar kind="3" frame="8">remueve esa frustracion de mierda</bar>
			</phrase>
			<phrase>
				<bar kind="0">3</bar>
				<bar kind="1">
					<notes>1</notes>
					<rhytm>1</rhytm>
				</bar>
			</phrase>
			<phrase>
				<bar kind="0">4</bar>
				<bar kind="1">
					<notes>2</notes>
					<rhytm>1</rhytm>
				</bar>
				<bar kind="3" frame="8">eris luz, loco</bar>
			</phrase>
			<phrase>
				<bar kind="0">5</bar>
				<bar kind="1">
					<notes>3</notes>
					<rhytm>1</rhytm>
				</bar>
			</phrase>
		</part>
		<part id="A3.3">
			<phrase>
				<bar kind="0">2</bar>
				<bar kind="1">
					<notes>0</notes>
					<rhytm>1</rhytm>
				</bar>
			</phrase>
			<phrase>
				<bar kind="0">3</bar>
				<bar kind="1">
					<notes>1</notes>
					<rhytm>1</rhytm>
				</bar>
			</phrase>
			<phrase>
				<bar kind="0">4</bar>
				<bar kind="1">
					<notes>2</notes>
					<rhytm>1</rhytm>
				</bar>
			</phrase>
			<phrase>
				<bar kind="0">5</bar>
				<bar kind="1">
					<notes>3</notes>
					<rhytm>1</rhytm>
				</bar>
			</phrase>
		</part>
		<part id="A3.4">
			<phrase>
				<bar kind="0">2</bar>
				<bar kind="1">
					<notes>0</notes>
					<rhytm>1</rhytm>
				</bar>
			</phrase>
			<phrase>
				<bar kind="0">3</bar>
				<bar kind="1">
					<notes>1</notes>
					<rhytm>1</rhytm>
				</bar>
			</phrase>
			<phrase>
				<bar kind="0">4</bar>
				<bar kind="1">
					<notes>2</notes>
					<rhytm>1</rhytm>
				</bar>
			</phrase>
			<phrase>
				<bar kind="0">11</bar>
				<bar kind="1">
					<notes>3</notes>
					<rhytm>1</rhytm>
				</bar>
			</phrase>
		</part>
		<part id="C2.1">
			<phrase>
				<bar kind="0">10</bar>
				<bar kind="1">
					<notes>4</notes>
					<rhytm>1</rhytm>
				</bar>
				<bar kind="3" frame="4">oooooh yabadabaaaaa</bar>
			</phrase>
			<phrase>
				<bar kind="0">11</bar>
				<bar kind="1">
					<notes>7</notes>
					<rhytm>1</rhytm>
				</bar>
			</phrase>
		</part>
		<part id="C2.2">
			<phrase>
				<bar kind="0">10</bar>
				<bar kind="1">
					<notes>4</notes>
					<rhytm>1</rhytm>
				</bar>
				<bar kind="3" frame="4">oooooh yabadabaaaaa</bar>
			</phrase>
			<phrase>
				<bar kind="0">11</bar>
				<bar kind="1">
					<notes>7</notes>
					<rhytm>1</rhytm>
				</bar>
			</phrase>
		</part>
		<part id="C2.3">
			<phrase>
				<bar kind="0">10</bar>
				<bar kind="1">
					<notes>4</notes>
					<rhytm>1</rhytm>
				</bar>
				<bar kind="3" frame="4">oooooh yabadabaaaaa</bar>
			</phrase>
			<phrase>
				<bar kind="0">11</bar>
				<bar kind="1">
					<notes>7</notes>
					<rhytm>1</rhytm>
				</bar>
			</phrase>
		</part>
		<part id="C2.4">
			<phrase>
				<bar kind="0">10</bar>
				<bar kind="1">
					<notes>4</notes>
					<rhytm>1</rhytm>
				</bar>
				<bar kind="3" frame="4">oooooh yabadabaaaaa, duuu</bar>
			</phrase>
			<phrase>
				<bar kind="0">11</bar>
				<bar kind="1">
					<notes>7</notes>
					<rhytm>1</rhytm>
				</bar>
			</phrase>
		</part>
		<part id="C2.5">
			<phrase>
				<bar kind="0">12</bar>
				<bar kind="1">
					<notes>4</notes>
					<rhytm>1</rhytm>
				</bar>
				<bar kind="3" frame="4">muestra tu silverstein, locooo</bar>
			</phrase>
			<phrase>
				<bar kind="0">12</bar>
				<bar kind="1">
					<notes>7</notes>
					<rhytm>1</rhytm>
				</bar>
			</phrase>
		</part>
		<part id="C2.6">
			<phrase>
				<bar kind="0">13</bar>
				<bar kind="1">
					<notes>4</notes>
					<rhytm>1</rhytm>
				</bar>
				<bar kind="3" frame="0">sakale punta al lapiz, como el sapo livingstone</bar>
			</phrase>
			<phrase>
				<bar kind="0">12</bar>
				<bar kind="1">
					<notes>7</notes>
					<rhytm>1</rhytm>
				</bar>
			</phrase>
		</part>
		<part id="last">
			<phrase>
				<bar kind="0">14</bar>
				<bar kind="1">
					<notes>4</notes>
					<rhytm>2</rhytm>
				</bar>
			</phrase>
			<phrase></phrase>
			<phrase></phrase>
			<phrase></phrase>
			<phrase></phrase>
			<phrase></phrase>
			<phrase></phrase>
			<phrase></phrase>

		</part>
	</compose>
</song>