<?xml version="1.0" encoding="iso-8859-1"?>
<song name="SUNLIGHT">
	<settings>
		<tempo>155</tempo>
		<loopeable>false</loopeable>
		<levels>
			<mainlevel>127</mainlevel>
			<drumlevel>127</drumlevel>
			<basslevel>117</basslevel>
			<guitarlevel>48</guitarlevel>
		</levels>
		<instruments>
			<bassinstrument>0</bassinstrument>
			<guitarinstrument>41</guitarinstrument>
		</instruments>
	</settings>
	<patterns>
		<drumpatterns>
			<drumpattern>
				<pad name="rimshot" id="31"   >----------------</pad>
			</drumpattern>
			<drumpattern>
				<pad name="rimshot" id="31"   >F---F---F---F---</pad>
			</drumpattern>
			<drumpattern>
				<pad name="bassdrum" id="35"  >F-----F-----F---</pad>
				<pad name="rimshot" id="38"   >----F-------F---</pad>
				<pad name="charles" id="44"   >F-F-F-F-F-F-F-F-</pad>
			</drumpattern>
			<drumpattern>
				<pad name="bassdrum" id="35"  >F-----F-----F---</pad>
				<pad name="rimshot" id="38"   >----F-----F-F-F-</pad>
				<pad name="charles" id="44"   >F-F-F-F---------</pad>
			</drumpattern>
			<drumpattern>
				<pad name="bassdrum" id="35"  >F-----F-----F---</pad>
				<pad name="rimshot" id="38"   >F---F---F---F---</pad>
				<pad name="charles" id="44"   >F-F-F-F-F-F-F-F-</pad>
				<pad name="openHH"   id="46"  >--EE--EE--EE--EE</pad>
			</drumpattern>
			<drumpattern>
				<pad name="bassdrum" id="35"  >F-----F-----F---</pad>
				<pad name="rimshot" id="38"   >F---F---F---F---</pad>
				<pad name="charles" id="44"   >F-F-F-F-F-F-F-F-</pad>
			</drumpattern>
			<drumpattern>
				<pad name="bassdrum" id="35"  >F-----F-----F---</pad>
				<pad name="rimshot" id="38"   >F---F---F---F---</pad>
				<pad name="charles" id="44"   >F-F-F-F-F-F-F-F-</pad>
			</drumpattern>
			<drumpattern>
				<pad name="bassdrum" id="35"  >F-----F-----F---</pad>
				<pad name="rimshot" id="38"   >F---F---F-F-F-F-</pad>
				<pad name="charles" id="44"   >F-F-F-F---------</pad>
			</drumpattern>
			<drumpattern>
				<pad name="bassdrum" id="35"  >F---F---F---F---</pad>
				<pad name="rimshot" id="38"   >----------------</pad>
				<pad name="charles" id="44"   >F-F-F-F-F-F-F-F-</pad>
			</drumpattern>
			<drumpattern>
				<pad name="bassdrum" id="35"  >F---------------</pad>
				<pad name="rimshot" id="38"   >F---------------</pad>
				<pad name="crash"     id="49" >F---------------</pad>
			</drumpattern>
<drumpattern>
				<pad name="rimshot" id="31"   >----------------</pad>
			</drumpattern>
			<drumpattern>
				<pad name="rimshot" id="31"   >----------------</pad>
			</drumpattern>
			<drumpattern>
				<pad name="rimshot" id="31"   >----------------</pad>
			</drumpattern>
			<drumpattern>
				<pad name="rimshot" id="31"   >----------------</pad>
			</drumpattern>
			<drumpattern>
				<pad name="rimshot" id="31"   >----------------</pad>
			</drumpattern>
			<drumpattern>
				<pad name="rimshot" id="31"   >----------------</pad>
			</drumpattern>
			<drumpattern>
				<pad name="rimshot" id="31"   >----------------</pad>
			</drumpattern>
			<drumpattern>
				<pad name="rimshot" id="31"   >----------------</pad>
			</drumpattern>
			<drumpattern>
				<pad name="rimshot" id="31"   >----------------</pad>
			</drumpattern>
			<drumpattern>
				<pad name="rimshot" id="31"   >----------------</pad>
			</drumpattern>
			<drumpattern>
				<pad name="rimshot" id="31"   >----------------</pad>
			</drumpattern>
			<drumpattern>
				<pad name="rimshot" id="31"   >----------------</pad>
			</drumpattern>
			<drumpattern>
				<pad name="rimshot" id="31"   >----------------</pad>
			</drumpattern>
		</drumpatterns>  
		<basspatterns>
			<basspattern>
				<pattern>----------------</pattern>
			</basspattern>
			<basspattern>
				<pattern>0-0-0-0-0-0-0-0-</pattern>
			</basspattern>
			<basspattern>
				<pattern>0---------------</pattern>
			</basspattern>
		</basspatterns>
		<guitarpatterns>
			<guitarpattern>
				<pattern>----------------</pattern>
			</guitarpattern>
			<guitarpattern>
				<pattern>0-5---C-----C-5-</pattern>
			</guitarpattern>
			<guitarpattern>
				<pattern>7-C---0-----C-5-</pattern>
			</guitarpattern>
			<guitarpattern>
				<pattern>0-5---C-7-C---0-</pattern>
				<pattern>--0-0-C---7-C-5-</pattern>
			</guitarpattern>
			<guitarpattern>
				<pattern>0-C---7-C-5---0-</pattern>
				<pattern>--0-0-C---7-C-5-</pattern>
			</guitarpattern>
			<guitarpattern>
				<pattern>--0-0-C---7-C-5-</pattern>
			</guitarpattern>
		</guitarpatterns>
	</patterns>
	<tonepatterns>
		<notes>7,7,7,7,7,7,7,7,7,7,7,7,7,7,7,7</notes>
		<notes>7,7,7,7,7,7,7,7,7,7,4,4,5,5,7,7</notes>
		<notes>10,10,22,22,10,10,22,22,12,12,24,24,12,12,24,24</notes>
		<notes>7,7,7,7,7,7,7,7,7,17,17,17,17,17,17,17</notes>
		<notes>7,7,7,7,7,7,7,7,10,10,10,10,9,9,9,9</notes>
		<notes>12,12,12,12,12,12,12,12,10,10,9,9,10,10,10,10</notes>
		<notes>7,7,7,7,7,7,7,7,7,7,4,4,5,5,10,10</notes>
		<notes>10,10,10,10,10,10,10,10,10,10,9,9,7,7,12,12</notes>
		<notes>12,12,12,12,12,12,12,12,12,12,12,12,12,12,12,12</notes>
	</tonepatterns>
	<compose>
		<part id="pre">
			<phrase></phrase>
			<phrase></phrase>
			<phrase></phrase>
			<phrase>
				<bar kind="0">1</bar>
			</phrase>
		</part>
		<part id="A1">
			<phrase>
				<bar kind="0">2</bar>
				<bar kind="1">
					<notes>0</notes>
					<rhytm>1</rhytm>
				</bar>
				<bar kind="2">
					<notes>0</notes>
					<rhytm>1</rhytm>
				</bar>
			</phrase>
			<phrase>
				<bar kind="0">2</bar>
				<bar kind="1">
					<notes>1</notes>
					<rhytm>1</rhytm>
				</bar>
				<bar kind="2">
					<notes>1</notes>
					<rhytm>1</rhytm>
				</bar>
			</phrase>
			<phrase>
				<bar kind="0">2</bar>
				<bar kind="1">
					<notes>0</notes>
					<rhytm>1</rhytm>
				</bar>
				<bar kind="2">
					<notes>0</notes>
					<rhytm>2</rhytm>
				</bar>
			</phrase>
			<phrase>
				<bar kind="0">2</bar>
				<bar kind="1">
					<notes>1</notes>
					<rhytm>1</rhytm>
				</bar>
				<bar kind="2">
					<notes>1</notes>
					<rhytm>2</rhytm>
				</bar>
			</phrase>
			<phrase>
				<bar kind="0">2</bar>
				<bar kind="1">
					<notes>0</notes>
					<rhytm>1</rhytm>
				</bar>
				<bar kind="2">
					<notes>0</notes>
					<rhytm>3</rhytm>
				</bar>
			</phrase>
			<phrase>
				<bar kind="0">2</bar>
				<bar kind="1">
					<notes>1</notes>
					<rhytm>1</rhytm>
				</bar>
				<bar kind="2">
					<notes>1</notes>
					<rhytm>1</rhytm>
				</bar>
			</phrase>
			<phrase>
				<bar kind="0">3</bar>
				<bar kind="1">
					<notes>0</notes>
					<rhytm>1</rhytm>
				</bar>
				<bar kind="2">
					<notes>0</notes>
					<rhytm>3</rhytm>
				</bar>
			</phrase>
			<phrase>
				<bar kind="0">4</bar>
				<bar kind="1">
					<notes>2</notes>
					<rhytm>1</rhytm>
				</bar>
				<bar kind="2">
					<notes>2</notes>
					<rhytm>1</rhytm>
				</bar>
			</phrase>
		</part>
<part id="A2">
			<phrase>
				<bar kind="0">2</bar>
				<bar kind="1">
					<notes>0</notes>
					<rhytm>1</rhytm>
				</bar>
				<bar kind="2">
					<notes>0</notes>
					<rhytm>1</rhytm>
				</bar>
			</phrase>
			<phrase>
				<bar kind="0">2</bar>
				<bar kind="1">
					<notes>1</notes>
					<rhytm>1</rhytm>
				</bar>
				<bar kind="2">
					<notes>1</notes>
					<rhytm>1</rhytm>
				</bar>
			</phrase>
			<phrase>
				<bar kind="0">2</bar>
				<bar kind="1">
					<notes>0</notes>
					<rhytm>1</rhytm>
				</bar>
				<bar kind="2">
					<notes>0</notes>
					<rhytm>2</rhytm>
				</bar>
			</phrase>
			<phrase>
				<bar kind="0">2</bar>
				<bar kind="1">
					<notes>1</notes>
					<rhytm>1</rhytm>
				</bar>
				<bar kind="2">
					<notes>1</notes>
					<rhytm>2</rhytm>
				</bar>
			</phrase>
			<phrase>
				<bar kind="0">2</bar>
				<bar kind="1">
					<notes>0</notes>
					<rhytm>1</rhytm>
				</bar>
				<bar kind="2">
					<notes>0</notes>
					<rhytm>3</rhytm>
				</bar>
			</phrase>
			<phrase>
				<bar kind="0">2</bar>
				<bar kind="1">
					<notes>1</notes>
					<rhytm>1</rhytm>
				</bar>
				<bar kind="2">
					<notes>1</notes>
					<rhytm>1</rhytm>
				</bar>
			</phrase>
			<phrase>
				<bar kind="0">3</bar>
				<bar kind="1">
					<notes>0</notes>
					<rhytm>1</rhytm>
				</bar>
				<bar kind="2">
					<notes>0</notes>
					<rhytm>3</rhytm>
				</bar>
			</phrase>
			<phrase>
				<bar kind="0">4</bar>
				<bar kind="1">
					<notes>2</notes>
					<rhytm>1</rhytm>
				</bar>
				<bar kind="2">
					<notes>2</notes>
					<rhytm>1</rhytm>
				</bar>
				<bar kind="3" frame="14">feel the green smell, breathing deep into yor blood, oh yeah</bar>
			</phrase>
		</part>
<part id="A3">
			<phrase>
				<bar kind="0">2</bar>
				<bar kind="1">
					<notes>0</notes>
					<rhytm>1</rhytm>
				</bar>
				<bar kind="2">
					<notes>0</notes>
					<rhytm>1</rhytm>
				</bar>
			</phrase>
			<phrase>
				<bar kind="0">2</bar>
				<bar kind="1">
					<notes>1</notes>
					<rhytm>1</rhytm>
				</bar>
				<bar kind="2">
					<notes>1</notes>
					<rhytm>1</rhytm>
				</bar>
			</phrase>
			<phrase>
				<bar kind="0">2</bar>
				<bar kind="1">
					<notes>0</notes>
					<rhytm>1</rhytm>
				</bar>
				<bar kind="2">
					<notes>0</notes>
					<rhytm>2</rhytm>
				</bar>			
			</phrase>
			<phrase>
				<bar kind="0">2</bar>
				<bar kind="1">
					<notes>1</notes>
					<rhytm>1</rhytm>
				</bar>
				<bar kind="2">
					<notes>1</notes>
					<rhytm>2</rhytm>
				</bar>
<bar kind="3" frame="14">feel your skin smell, moving slowly into the light, oh yeah</bar>
			</phrase>			
			<phrase>
				<bar kind="0">2</bar>
				<bar kind="1">
					<notes>0</notes>
					<rhytm>1</rhytm>
				</bar>
				<bar kind="2">
					<notes>0</notes>
					<rhytm>3</rhytm>
				</bar>
			</phrase>
			<phrase>
				<bar kind="0">2</bar>
				<bar kind="1">
					<notes>1</notes>
					<rhytm>1</rhytm>
				</bar>
				<bar kind="2">
					<notes>1</notes>
					<rhytm>1</rhytm>
				</bar>
			</phrase>
			<phrase>
				<bar kind="0">3</bar>
				<bar kind="1">
					<notes>0</notes>
					<rhytm>1</rhytm>
				</bar>
				<bar kind="2">
					<notes>0</notes>
					<rhytm>3</rhytm>
				</bar>
			</phrase>
			<phrase>
				<bar kind="0">4</bar>
				<bar kind="1">
					<notes>2</notes>
					<rhytm>1</rhytm>
				</bar>
				<bar kind="2">
					<notes>2</notes>
					<rhytm>1</rhytm>
				</bar>
<bar kind="3" frame="14">creatures are growing and moving on, slowly trough your arms and fingers, oh i like this</bar>
			</phrase>
		</part>
<part id="A4">
			<phrase>
				<bar kind="0">2</bar>
				<bar kind="1">
					<notes>0</notes>
					<rhytm>1</rhytm>
				</bar>
				<bar kind="2">
					<notes>0</notes>
					<rhytm>1</rhytm>
				</bar>
			</phrase>
			<phrase>
				<bar kind="0">2</bar>
				<bar kind="1">
					<notes>1</notes>
					<rhytm>1</rhytm>
				</bar>
				<bar kind="2">
					<notes>1</notes>
					<rhytm>1</rhytm>
				</bar>
			</phrase>
			<phrase>
				<bar kind="0">2</bar>
				<bar kind="1">
					<notes>0</notes>
					<rhytm>1</rhytm>
				</bar>
				<bar kind="2">
					<notes>0</notes>
					<rhytm>2</rhytm>
				</bar>
			</phrase>
			<phrase>
				<bar kind="0">2</bar>
				<bar kind="1">
					<notes>1</notes>
					<rhytm>1</rhytm>
				</bar>
				<bar kind="2">
					<notes>1</notes>
					<rhytm>2</rhytm>
				</bar>
<bar kind="3" frame="14">this time you are being slighty approaching, you will like this, oh yeah</bar>
			</phrase>
			<phrase>
				<bar kind="0">2</bar>
				<bar kind="1">
					<notes>0</notes>
					<rhytm>1</rhytm>
				</bar>
				<bar kind="2">
					<notes>0</notes>
					<rhytm>3</rhytm>
				</bar>
			</phrase>
			<phrase>
				<bar kind="0">2</bar>
				<bar kind="1">
					<notes>1</notes>
					<rhytm>1</rhytm>
				</bar>
				<bar kind="2">
					<notes>1</notes>
					<rhytm>1</rhytm>
				</bar>
			</phrase>
			<phrase>
				<bar kind="0">3</bar>
				<bar kind="1">
					<notes>0</notes>
					<rhytm>1</rhytm>
				</bar>
				<bar kind="2">
					<notes>0</notes>
					<rhytm>3</rhytm>
				</bar>
			</phrase>
			<phrase>
				<bar kind="0">4</bar>
				<bar kind="1">
					<notes>2</notes>
					<rhytm>1</rhytm>
				</bar>
				<bar kind="2">
					<notes>2</notes>
					<rhytm>1</rhytm>
				</bar>
<bar kind="3" frame="14">delight in me, oh, delight in U</bar>
			</phrase>
		</part>
<part id="B1">
			<phrase>
				<bar kind="0">5</bar>
				<bar kind="1">
					<notes>3</notes>
					<rhytm>1</rhytm>
				</bar>
				<bar kind="2">
					<notes>3</notes>
					<rhytm>2</rhytm>
				</bar>
			</phrase>
			<phrase>
				<bar kind="0">5</bar>
				<bar kind="1">
					<notes>3</notes>
					<rhytm>1</rhytm>
				</bar>
				<bar kind="2">
					<notes>3</notes>
					<rhytm>3</rhytm>
				</bar>
<bar kind="3" frame="14">the light are we, oh take delight in me</bar>
			</phrase>
			<phrase>
				<bar kind="0">5</bar>
				<bar kind="1">
					<notes>2</notes>
					<rhytm>1</rhytm>
				</bar>
				<bar kind="2">
					<notes>3</notes>
					<rhytm>4</rhytm>
				</bar>
			</phrase>
			<phrase>
				<bar kind="0">6</bar>
				<bar kind="1">
					<notes>3</notes>
					<rhytm>1</rhytm>
				</bar>
				<bar kind="2">
					<notes>3</notes>
					<rhytm>5</rhytm>
				</bar>
<bar kind="3" frame="14">delight in me, oh, delight in U</bar>
			</phrase>
			<phrase>
				<bar kind="0">5</bar>
				<bar kind="1">
					<notes>3</notes>
					<rhytm>1</rhytm>
				</bar>
				<bar kind="2">
					<notes>3</notes>
					<rhytm>2</rhytm>
				</bar>
			</phrase>
			<phrase>
				<bar kind="0">5</bar>
				<bar kind="1">
					<notes>3</notes>
					<rhytm>1</rhytm>
				</bar>
				<bar kind="2">
					<notes>3</notes>
					<rhytm>3</rhytm>
				</bar>
<bar kind="3" frame="14">the light are we, oh take delight in me</bar>
			</phrase>
			<phrase>
				<bar kind="0">5</bar>
				<bar kind="1">
					<notes>2</notes>
					<rhytm>1</rhytm>
				</bar>
				<bar kind="2">
					<notes>3</notes>
					<rhytm>4</rhytm>
				</bar>
			</phrase>
			<phrase>
				<bar kind="0">7</bar>
				<bar kind="1">
					<notes>3</notes>
					<rhytm>1</rhytm>
				</bar>
				<bar kind="2">
					<notes>3</notes>
					<rhytm>5</rhytm>
				</bar>
<bar kind="3" frame="14">delight in me, oh, delight in U</bar>
			</phrase>
		</part>
<part id="B2">
			<phrase>
				<bar kind="0">5</bar>
				<bar kind="1">
					<notes>3</notes>
					<rhytm>1</rhytm>
				</bar>
				<bar kind="2">
					<notes>3</notes>
					<rhytm>2</rhytm>
				</bar>
			</phrase>
			<phrase>
				<bar kind="0">5</bar>
				<bar kind="1">
					<notes>3</notes>
					<rhytm>1</rhytm>
				</bar>
				<bar kind="2">
					<notes>3</notes>
					<rhytm>3</rhytm>
				</bar>
<bar kind="3" frame="14">the light are we, oh take delight in me</bar>
			</phrase>
			<phrase>
				<bar kind="0">5</bar>
				<bar kind="1">
					<notes>2</notes>
					<rhytm>1</rhytm>
				</bar>
				<bar kind="2">
					<notes>3</notes>
					<rhytm>4</rhytm>
				</bar>
			</phrase>
			<phrase>
				<bar kind="0">6</bar>
				<bar kind="1">
					<notes>3</notes>
					<rhytm>1</rhytm>
				</bar>
				<bar kind="2">
					<notes>3</notes>
					<rhytm>5</rhytm>
				</bar>
<bar kind="3" frame="14">delight in me, oh, delight in U</bar>
			</phrase>
			<phrase>
				<bar kind="0">5</bar>
				<bar kind="1">
					<notes>3</notes>
					<rhytm>1</rhytm>
				</bar>
				<bar kind="2">
					<notes>3</notes>
					<rhytm>2</rhytm>
				</bar>
			</phrase>
			<phrase>
				<bar kind="0">5</bar>
				<bar kind="1">
					<notes>3</notes>
					<rhytm>1</rhytm>
				</bar>
				<bar kind="2">
					<notes>3</notes>
					<rhytm>3</rhytm>
				</bar>
<bar kind="3" frame="14">the light are we, oh take delight in me</bar>
			</phrase>
			<phrase>
				<bar kind="0">5</bar>
				<bar kind="1">
					<notes>2</notes>
					<rhytm>1</rhytm>
				</bar>
				<bar kind="2">
					<notes>3</notes>
					<rhytm>4</rhytm>
				</bar>
			</phrase>
			<phrase>
				<bar kind="0">7</bar>
				<bar kind="1">
					<notes>3</notes>
					<rhytm>1</rhytm>
				</bar>
				<bar kind="2">
					<notes>3</notes>
					<rhytm>5</rhytm>
				</bar>
			</phrase>
		</part>
<part id="D">
			<phrase>
				<bar kind="0">2</bar>
				<bar kind="1">
					<notes>0</notes>
					<rhytm>1</rhytm>
				</bar>
<bar kind="3" frame="14">oh babe, people say u have some rythmic skills, can u show me this morning?</bar>
			</phrase>
			<phrase>
				<bar kind="0">2</bar>
				<bar kind="1">
					<notes>1</notes>
					<rhytm>1</rhytm>
				</bar>
			</phrase>
			<phrase>
				<bar kind="0">2</bar>
				<bar kind="1">
					<notes>0</notes>
					<rhytm>1</rhytm>
				</bar>
			</phrase>
			<phrase>
				<bar kind="0">2</bar>
				<bar kind="1">
					<notes>1</notes>
					<rhytm>1</rhytm>
				</bar>
			</phrase>
			<phrase>
				<bar kind="0">2</bar>
				<bar kind="1">
					<notes>0</notes>
					<rhytm>1</rhytm>
				</bar>
			</phrase>
			<phrase>
				<bar kind="0">2</bar>
				<bar kind="1">
					<notes>6</notes>
					<rhytm>1</rhytm>
				</bar>
			</phrase>
			<phrase>
				<bar kind="0">2</bar>
				<bar kind="1">
					<notes>7</notes>
					<rhytm>1</rhytm>
				</bar>
			</phrase>
			<phrase>
				<bar kind="0">2</bar>
				<bar kind="1">
					<notes>8</notes>
					<rhytm>1</rhytm>
				</bar>
<bar kind="3" frame="14">then i draw with your smell, giant plants in my dreams, then i draw on your face</bar>
			</phrase>
			<phrase id="ww">
				<bar kind="0">2</bar>
				<bar kind="1">
					<notes>0</notes>
					<rhytm>1</rhytm>
				</bar>
				<bar kind="2">
					<notes>0</notes>
					<rhytm>1</rhytm>
				</bar>
			</phrase>
			<phrase>
				<bar kind="0">2</bar>
				<bar kind="1">
					<notes>1</notes>
					<rhytm>1</rhytm>
				</bar>
				<bar kind="2">
					<notes>0</notes>
					<rhytm>2</rhytm>
				</bar>
			</phrase>
			<phrase>
				<bar kind="0">2</bar>
				<bar kind="1">
					<notes>0</notes>
					<rhytm>1</rhytm>
				</bar>
				<bar kind="2">
					<notes>0</notes>
					<rhytm>1</rhytm>
				</bar>
			</phrase>
			<phrase>
				<bar kind="0">2</bar>
				<bar kind="1">
					<notes>1</notes>
					<rhytm>1</rhytm>
				</bar>
				<bar kind="2">
					<notes>0</notes>
					<rhytm>2</rhytm>
				</bar>
<bar kind="3" frame="12">and you smile while i stroke, and you came, and i stare, and we fall!</bar>
			</phrase>
			<phrase>
				<bar kind="0">5</bar>
				<bar kind="1">
					<notes>0</notes>
					<rhytm>1</rhytm>
				</bar>
				<bar kind="2">
					<notes>0</notes>
					<rhytm>5</rhytm>
				</bar>
			</phrase>
			<phrase>
				<bar kind="0">5</bar>
				<bar kind="1">
					<notes>6</notes>
					<rhytm>1</rhytm>
				</bar>
				<bar kind="2">
					<notes>6</notes>
					<rhytm>2</rhytm>
				</bar>
			</phrase>
			<phrase>
				<bar kind="0">5</bar>
				<bar kind="1">
					<notes>7</notes>
					<rhytm>1</rhytm>
				</bar>
				<bar kind="2">
					<notes>7</notes>
					<rhytm>1</rhytm>
				</bar>
			</phrase>
			<phrase>
				<bar kind="0">8</bar>
				<bar kind="1">
					<notes>8</notes>
					<rhytm>1</rhytm>
				</bar>
				<bar kind="2">
					<notes>8</notes>
					<rhytm>2</rhytm>
				</bar>
<bar kind="3" frame="14">delight in me, oh, delight in U</bar>
			</phrase>
		</part>
<part id="B3">
			<phrase>
				<bar kind="0">5</bar>
				<bar kind="1">
					<notes>3</notes>
					<rhytm>1</rhytm>
				</bar>
				<bar kind="2">
					<notes>3</notes>
					<rhytm>2</rhytm>
				</bar>
			</phrase>
			<phrase>
				<bar kind="0">5</bar>
				<bar kind="1">
					<notes>3</notes>
					<rhytm>1</rhytm>
				</bar>
				<bar kind="2">
					<notes>3</notes>
					<rhytm>3</rhytm>
				</bar>
<bar kind="3" frame="14">the light are we, oh take delight in me</bar>
			</phrase>
			<phrase>
				<bar kind="0">5</bar>
				<bar kind="1">
					<notes>2</notes>
					<rhytm>1</rhytm>
				</bar>
				<bar kind="2">
					<notes>3</notes>
					<rhytm>4</rhytm>
				</bar>
			</phrase>
			<phrase>
				<bar kind="0">6</bar>
				<bar kind="1">
					<notes>3</notes>
					<rhytm>1</rhytm>
				</bar>
				<bar kind="2">
					<notes>3</notes>
					<rhytm>5</rhytm>
				</bar>
<bar kind="3" frame="14">delight in me, oh, delight in U</bar>
			</phrase>
			<phrase>
				<bar kind="0">5</bar>
				<bar kind="1">
					<notes>3</notes>
					<rhytm>1</rhytm>
				</bar>
				<bar kind="2">
					<notes>3</notes>
					<rhytm>2</rhytm>
				</bar>
			</phrase>
			<phrase>
				<bar kind="0">5</bar>
				<bar kind="1">
					<notes>3</notes>
					<rhytm>1</rhytm>
				</bar>
				<bar kind="2">
					<notes>3</notes>
					<rhytm>3</rhytm>
				</bar>
<bar kind="3" frame="14">the light are we, oh take delight in me</bar>
			</phrase>
			<phrase>
				<bar kind="0">5</bar>
				<bar kind="1">
					<notes>2</notes>
					<rhytm>1</rhytm>
				</bar>
				<bar kind="2">
					<notes>3</notes>
					<rhytm>4</rhytm>
				</bar>
			</phrase>
			<phrase>
				<bar kind="0">7</bar>
				<bar kind="1">
					<notes>3</notes>
					<rhytm>1</rhytm>
				</bar>
				<bar kind="2">
					<notes>3</notes>
					<rhytm>5</rhytm>
				</bar>
<bar kind="3" frame="14">delight in me, oh, delight in U</bar>
			</phrase>
		</part>
<part id="B4">
			<phrase>
				<bar kind="0">5</bar>
				<bar kind="1">
					<notes>3</notes>
					<rhytm>1</rhytm>
				</bar>
				<bar kind="2">
					<notes>3</notes>
					<rhytm>2</rhytm>
				</bar>
			</phrase>
			<phrase>
				<bar kind="0">5</bar>
				<bar kind="1">
					<notes>3</notes>
					<rhytm>1</rhytm>
				</bar>
				<bar kind="2">
					<notes>3</notes>
					<rhytm>3</rhytm>
				</bar>
<bar kind="3" frame="14">the light are we, oh take delight in me</bar>
			</phrase>
			<phrase>
				<bar kind="0">5</bar>
				<bar kind="1">
					<notes>2</notes>
					<rhytm>1</rhytm>
				</bar>
				<bar kind="2">
					<notes>3</notes>
					<rhytm>4</rhytm>
				</bar>
			</phrase>
			<phrase>
				<bar kind="0">6</bar>
				<bar kind="1">
					<notes>3</notes>
					<rhytm>1</rhytm>
				</bar>
				<bar kind="2">
					<notes>3</notes>
					<rhytm>5</rhytm>
				</bar>
<bar kind="3" frame="14">delight in me, oh, delight in U</bar>
			</phrase>
			<phrase>
				<bar kind="0">5</bar>
				<bar kind="1">
					<notes>3</notes>
					<rhytm>1</rhytm>
				</bar>

				<bar kind="2">
					<notes>3</notes>
					<rhytm>2</rhytm>
				</bar>
			</phrase>
			<phrase>
				<bar kind="0">5</bar>
				<bar kind="1">
					<notes>3</notes>
					<rhytm>1</rhytm>
				</bar>
				<bar kind="2">
					<notes>3</notes>
					<rhytm>3</rhytm>
				</bar>
<bar kind="3" frame="14">the light are we, oh take delight in me</bar>
			</phrase>
			<phrase>
				<bar kind="0">5</bar>
				<bar kind="1">
					<notes>2</notes>
					<rhytm>1</rhytm>
				</bar>
				<bar kind="2">
					<notes>3</notes>
					<rhytm>4</rhytm>
				</bar>
			</phrase>
			<phrase>
				<bar kind="0">7</bar>
				<bar kind="1">
					<notes>3</notes>
					<rhytm>1</rhytm>
				</bar>
				<bar kind="2">
					<notes>3</notes>
					<rhytm>5</rhytm>
				</bar>
			</phrase>
		</part>
<part id="D2">
			<phrase>
				<bar kind="0">2</bar>
				<bar kind="1">
					<notes>0</notes>
					<rhytm>1</rhytm>
				</bar>
<bar kind="3" frame="14">oh babe, people say i have some rythmic skills, i wanna show you this morning</bar>
			</phrase>
			<phrase>
				<bar kind="0">2</bar>
				<bar kind="1">
					<notes>1</notes>
					<rhytm>1</rhytm>
				</bar>
			</phrase>
			<phrase>
				<bar kind="0">2</bar>
				<bar kind="1">
					<notes>0</notes>
					<rhytm>1</rhytm>
				</bar>
			</phrase>
			<phrase>
				<bar kind="0">2</bar>
				<bar kind="1">
					<notes>1</notes>
					<rhytm>1</rhytm>
				</bar>
			</phrase>
			<phrase>
				<bar kind="0">2</bar>
				<bar kind="1">
					<notes>0</notes>
					<rhytm>1</rhytm>
				</bar>
			</phrase>
			<phrase>
				<bar kind="0">2</bar>
				<bar kind="1">
					<notes>6</notes>
					<rhytm>1</rhytm>
				</bar>
			</phrase>
			<phrase>
				<bar kind="0">2</bar>
				<bar kind="1">
					<notes>7</notes>
					<rhytm>1</rhytm>
				</bar>
			</phrase>
			<phrase>
				<bar kind="0">2</bar>
				<bar kind="1">
					<notes>8</notes>
					<rhytm>1</rhytm>
				</bar>
<bar kind="3" frame="14">and you take me in your arms, like the plants in my dreams, and your draw me in your moves</bar>
			</phrase>
			<phrase id="ww">
				<bar kind="0">2</bar>
				<bar kind="1">
					<notes>0</notes>
					<rhytm>1</rhytm>
				</bar>
				<bar kind="2">
					<notes>0</notes>
					<rhytm>1</rhytm>
				</bar>
			</phrase>
			<phrase>
				<bar kind="0">2</bar>
				<bar kind="1">
					<notes>1</notes>
					<rhytm>1</rhytm>
				</bar>
				<bar kind="2">
					<notes>0</notes>
					<rhytm>2</rhytm>
				</bar>
			</phrase>
			<phrase>
				<bar kind="0">2</bar>
				<bar kind="1">
					<notes>0</notes>
					<rhytm>1</rhytm>
				</bar>
				<bar kind="2">
					<notes>0</notes>
					<rhytm>1</rhytm>
				</bar>
			</phrase>
			<phrase>
				<bar kind="0">2</bar>
				<bar kind="1">
					<notes>1</notes>
					<rhytm>1</rhytm>
				</bar>
				<bar kind="2">
					<notes>0</notes>
					<rhytm>2</rhytm>
				</bar>
<bar kind="3" frame="14">and i smile while you stroke, and i came, and you stare, and we fall!</bar>
			</phrase>
			<phrase>
				<bar kind="0">5</bar>
				<bar kind="1">
					<notes>0</notes>
					<rhytm>1</rhytm>
				</bar>
				<bar kind="2">
					<notes>0</notes>
					<rhytm>5</rhytm>
				</bar>
			</phrase>
			<phrase>
				<bar kind="0">5</bar>
				<bar kind="1">
					<notes>6</notes>
					<rhytm>1</rhytm>
				</bar>
				<bar kind="2">
					<notes>6</notes>
					<rhytm>2</rhytm>
				</bar>
			</phrase>
			<phrase>
				<bar kind="0">5</bar>
				<bar kind="1">
					<notes>7</notes>
					<rhytm>1</rhytm>
				</bar>
				<bar kind="2">
					<notes>7</notes>
					<rhytm>1</rhytm>
				</bar>
			</phrase>
			<phrase>
				<bar kind="0">8</bar>
				<bar kind="1">
					<notes>8</notes>
					<rhytm>1</rhytm>
				</bar>
				<bar kind="2">
					<notes>8</notes>
					<rhytm>2</rhytm>
				</bar>
<bar kind="3" frame="14">delight in me, oh, delight in U</bar>
			</phrase>
		</part>
<part id="B3">
			<phrase>
				<bar kind="0">5</bar>
				<bar kind="1">
					<notes>3</notes>
					<rhytm>1</rhytm>
				</bar>
				<bar kind="2">
					<notes>3</notes>
					<rhytm>2</rhytm>
				</bar>
			</phrase>
			<phrase>
				<bar kind="0">5</bar>
				<bar kind="1">
					<notes>3</notes>
					<rhytm>1</rhytm>
				</bar>
				<bar kind="2">
					<notes>3</notes>
					<rhytm>3</rhytm>
				</bar>
<bar kind="3" frame="14">the light are we, oh take delight in me</bar>
			</phrase>
			<phrase>
				<bar kind="0">5</bar>
				<bar kind="1">
					<notes>2</notes>
					<rhytm>1</rhytm>
				</bar>
				<bar kind="2">
					<notes>3</notes>
					<rhytm>4</rhytm>
				</bar>
			</phrase>
			<phrase>
				<bar kind="0">6</bar>
				<bar kind="1">
					<notes>3</notes>
					<rhytm>1</rhytm>
				</bar>
				<bar kind="2">
					<notes>3</notes>
					<rhytm>5</rhytm>
				</bar>
<bar kind="3" frame="14">delight in me, oh, delight in U</bar>
			</phrase>
			<phrase>
				<bar kind="0">5</bar>
				<bar kind="1">
					<notes>3</notes>
					<rhytm>1</rhytm>
				</bar>
				<bar kind="2">
					<notes>3</notes>
					<rhytm>2</rhytm>
				</bar>
			</phrase>
			<phrase>
				<bar kind="0">5</bar>
				<bar kind="1">
					<notes>3</notes>
					<rhytm>1</rhytm>
				</bar>
				<bar kind="2">
					<notes>3</notes>
					<rhytm>3</rhytm>
				</bar>
<bar kind="3" frame="14">the light are we, oh take delight in me</bar>
			</phrase>
			<phrase>
				<bar kind="0">5</bar>
				<bar kind="1">
					<notes>2</notes>
					<rhytm>1</rhytm>
				</bar>
				<bar kind="2">
					<notes>3</notes>
					<rhytm>4</rhytm>
				</bar>
			</phrase>
			<phrase>
				<bar kind="0">7</bar>
				<bar kind="1">
					<notes>3</notes>
					<rhytm>1</rhytm>
				</bar>
				<bar kind="2">
					<notes>3</notes>
					<rhytm>5</rhytm>
				</bar>
<bar kind="3" frame="14">delight in me, oh, delight in U</bar>
			</phrase>
		</part>
<part id="B4">
			<phrase>
				<bar kind="0">5</bar>
				<bar kind="1">
					<notes>3</notes>
					<rhytm>1</rhytm>
				</bar>
				<bar kind="2">
					<notes>3</notes>
					<rhytm>2</rhytm>
				</bar>
			</phrase>
			<phrase>
				<bar kind="0">5</bar>
				<bar kind="1">
					<notes>3</notes>
					<rhytm>1</rhytm>
				</bar>
				<bar kind="2">
					<notes>3</notes>
					<rhytm>3</rhytm>
				</bar>
<bar kind="3" frame="14">the light are we, oh take delight in me</bar>
			</phrase>
			<phrase>
				<bar kind="0">5</bar>
				<bar kind="1">
					<notes>2</notes>
					<rhytm>1</rhytm>
				</bar>
				<bar kind="2">
					<notes>3</notes>
					<rhytm>4</rhytm>
				</bar>
			</phrase>
			<phrase>
				<bar kind="0">6</bar>
				<bar kind="1">
					<notes>3</notes>
					<rhytm>1</rhytm>
				</bar>
				<bar kind="2">
					<notes>3</notes>
					<rhytm>5</rhytm>
				</bar>
<bar kind="3" frame="14">delight in me, oh, delight in U</bar>
			</phrase>
			<phrase>
				<bar kind="0">5</bar>
				<bar kind="1">
					<notes>3</notes>
					<rhytm>1</rhytm>
				</bar>
				<bar kind="2">
					<notes>3</notes>
					<rhytm>2</rhytm>
				</bar>
			</phrase>
			<phrase>
				<bar kind="0">5</bar>
				<bar kind="1">
					<notes>3</notes>
					<rhytm>1</rhytm>
				</bar>
				<bar kind="2">
					<notes>3</notes>
					<rhytm>3</rhytm>
				</bar>
<bar kind="3" frame="14">the light are we, oh take delight in me</bar>
			</phrase>
			<phrase>
				<bar kind="0">5</bar>
				<bar kind="1">
					<notes>2</notes>
					<rhytm>1</rhytm>
				</bar>
				<bar kind="2">
					<notes>3</notes>
					<rhytm>4</rhytm>
				</bar>
			</phrase>
			<phrase>
				<bar kind="0">7</bar>
				<bar kind="1">
					<notes>3</notes>
					<rhytm>1</rhytm>
				</bar>
				<bar kind="2">
					<notes>3</notes>
					<rhytm>5</rhytm>
				</bar>
			</phrase>
		</part>
<part id="B5">
			<phrase>
				<bar kind="0">5</bar>
				<bar kind="1">
					<notes>3</notes>
					<rhytm>1</rhytm>
				</bar>
				<bar kind="2">
					<notes>3</notes>
					<rhytm>2</rhytm>
				</bar>
			</phrase>
			<phrase>
				<bar kind="0">5</bar>
				<bar kind="1">
					<notes>3</notes>
					<rhytm>1</rhytm>
				</bar>
				<bar kind="2">
					<notes>3</notes>
					<rhytm>3</rhytm>
				</bar>
			</phrase>
			<phrase>
				<bar kind="0">5</bar>
				<bar kind="1">
					<notes>2</notes>
					<rhytm>1</rhytm>
				</bar>
				<bar kind="2">
					<notes>3</notes>
					<rhytm>4</rhytm>
				</bar>
			</phrase>
			<phrase>
				<bar kind="0">6</bar>
				<bar kind="1">
					<notes>3</notes>
					<rhytm>1</rhytm>
				</bar>
				<bar kind="2">
					<notes>3</notes>
					<rhytm>5</rhytm>
				</bar>
			</phrase>
			<phrase>
				<bar kind="0">5</bar>
				<bar kind="1">
					<notes>3</notes>
					<rhytm>1</rhytm>
				</bar>
				<bar kind="2">
					<notes>3</notes>
					<rhytm>2</rhytm>
				</bar>
			</phrase>
			<phrase>
				<bar kind="0">5</bar>
				<bar kind="1">
					<notes>3</notes>
					<rhytm>1</rhytm>
				</bar>
				<bar kind="2">
					<notes>3</notes>
					<rhytm>3</rhytm>
				</bar>
			</phrase>
			<phrase>
				<bar kind="0">5</bar>
				<bar kind="1">
					<notes>2</notes>
					<rhytm>1</rhytm>
				</bar>
				<bar kind="2">
					<notes>3</notes>
					<rhytm>4</rhytm>
				</bar>
			</phrase>
			<phrase>
				<bar kind="0">7</bar>
				<bar kind="1">
					<notes>3</notes>
					<rhytm>1</rhytm>
				</bar>
				<bar kind="2">
					<notes>3</notes>
					<rhytm>5</rhytm>
				</bar>
			</phrase>

		</part>
<part id="B6">
			<phrase>
				<bar kind="0">5</bar>
				<bar kind="1">
					<notes>3</notes>
					<rhytm>1</rhytm>
				</bar>
				<bar kind="2">
					<notes>3</notes>
					<rhytm>2</rhytm>
				</bar>
			</phrase>
			<phrase>
				<bar kind="0">5</bar>
				<bar kind="1">
					<notes>3</notes>
					<rhytm>1</rhytm>
				</bar>
				<bar kind="2">
					<notes>3</notes>
					<rhytm>3</rhytm>
				</bar>
			</phrase>
			<phrase>
				<bar kind="0">5</bar>
				<bar kind="1">
					<notes>2</notes>
					<rhytm>1</rhytm>
				</bar>
				<bar kind="2">
					<notes>3</notes>
					<rhytm>4</rhytm>
				</bar>
			</phrase>
			<phrase>
				<bar kind="0">6</bar>
				<bar kind="1">
					<notes>3</notes>
					<rhytm>1</rhytm>
				</bar>
				<bar kind="2">
					<notes>3</notes>
					<rhytm>5</rhytm>
				</bar>
			</phrase>
			<phrase>
				<bar kind="0">5</bar>
				<bar kind="1">
					<notes>3</notes>
					<rhytm>1</rhytm>
				</bar>
				<bar kind="2">
					<notes>3</notes>
					<rhytm>2</rhytm>
				</bar>
			</phrase>
			<phrase>
				<bar kind="0">5</bar>
				<bar kind="1">
					<notes>3</notes>
					<rhytm>1</rhytm>
				</bar>
				<bar kind="2">
					<notes>3</notes>
					<rhytm>3</rhytm>
				</bar>
			</phrase>
			<phrase>
				<bar kind="0">5</bar>
				<bar kind="1">
					<notes>2</notes>
					<rhytm>1</rhytm>
				</bar>
				<bar kind="2">
					<notes>3</notes>
					<rhytm>4</rhytm>
				</bar>
			</phrase>
			<phrase>
				<bar kind="0">7</bar>
				<bar kind="1">
					<notes>3</notes>
					<rhytm>1</rhytm>
				</bar>
				<bar kind="2">
					<notes>3</notes>
					<rhytm>5</rhytm>
				</bar>
<bar kind="3" frame="14">this sun light, will melt us, oh yeah!</bar>
			</phrase>
		</part>

<part id="C3">
			<phrase>
				<bar kind="0">5</bar>
				<bar kind="1">
					<notes>4</notes>
					<rhytm>1</rhytm>
				</bar>
				<bar kind="2">
					<notes>4</notes>
					<rhytm>1</rhytm>
				</bar>
			</phrase>
			<phrase>
				<bar kind="0">6</bar>
				<bar kind="1">
					<notes>5</notes>
					<rhytm>1</rhytm>
				</bar>
				<bar kind="2">
					<notes>5</notes>
					<rhytm>2</rhytm>
				</bar>
			</phrase>
			<phrase>
				<bar kind="0">5</bar>
				<bar kind="1">
					<notes>4</notes>
					<rhytm>1</rhytm>
				</bar>
				<bar kind="2">
					<notes>4</notes>
					<rhytm>1</rhytm>
				</bar>
			</phrase>
			<phrase>
				<bar kind="0">6</bar>
				<bar kind="1">
					<notes>5</notes>
					<rhytm>1</rhytm>
				</bar>
				<bar kind="2">
					<notes>5</notes>
					<rhytm>2</rhytm>
				</bar>
<bar kind="3" frame="14">this sun light, will make us strongest</bar>
			</phrase>
			<phrase>
				<bar kind="0">5</bar>
				<bar kind="1">
					<notes>4</notes>
					<rhytm>1</rhytm>
				</bar>
				<bar kind="2">
					<notes>4</notes>
					<rhytm>1</rhytm>
				</bar>
			</phrase>
			<phrase>
				<bar kind="0">6</bar>
				<bar kind="1">
					<notes>5</notes>
					<rhytm>1</rhytm>
				</bar>
				<bar kind="2">
					<notes>5</notes>
					<rhytm>2</rhytm>
				</bar>
			</phrase>
			<phrase>
				<bar kind="0">5</bar>
				<bar kind="1">
					<notes>4</notes>
					<rhytm>1</rhytm>
				</bar>
				<bar kind="2">
					<notes>4</notes>
					<rhytm>1</rhytm>
				</bar>
			</phrase>
			<phrase>
				<bar kind="0">6</bar>
				<bar kind="1">
					<notes>5</notes>
					<rhytm>1</rhytm>
				</bar>
				<bar kind="2">
					<notes>5</notes>
					<rhytm>2</rhytm>
				</bar>
<bar kind="3" frame="14">this sun light, will melt us, oh yeah!</bar>
			</phrase>
			<phrase>
				<bar kind="0">5</bar>
				<bar kind="1">
					<notes>4</notes>
					<rhytm>1</rhytm>
				</bar>
				<bar kind="2">
					<notes>4</notes>
					<rhytm>1</rhytm>
				</bar>
			</phrase>
			<phrase>
				<bar kind="0">6</bar>
				<bar kind="1">
					<notes>5</notes>
					<rhytm>1</rhytm>
				</bar>
				<bar kind="2">
					<notes>5</notes>
					<rhytm>2</rhytm>
				</bar>
			</phrase>
			<phrase>
				<bar kind="0">5</bar>
				<bar kind="1">
					<notes>4</notes>
					<rhytm>1</rhytm>
				</bar>
				<bar kind="2">
					<notes>4</notes>
					<rhytm>1</rhytm>
				</bar>
			</phrase>
			<phrase>
				<bar kind="0">7</bar>
				<bar kind="1">
					<notes>5</notes>
					<rhytm>1</rhytm>
				</bar>
				<bar kind="2">
					<notes>5</notes>
					<rhytm>2</rhytm>
				</bar>
<bar kind="3" frame="14">this sun light, will make us strongest</bar>
			</phrase>
			<phrase>
				<bar kind="0">5</bar>
				<bar kind="1">
					<notes>4</notes>
					<rhytm>1</rhytm>
				</bar>
				<bar kind="2">
					<notes>4</notes>
					<rhytm>1</rhytm>
				</bar>
			</phrase>
			<phrase>
				<bar kind="0">6</bar>
				<bar kind="1">
					<notes>5</notes>
					<rhytm>1</rhytm>
				</bar>
				<bar kind="2">
					<notes>5</notes>
					<rhytm>2</rhytm>
				</bar>
			</phrase>
			<phrase>
				<bar kind="0">5</bar>
				<bar kind="1">
					<notes>4</notes>
					<rhytm>1</rhytm>
				</bar>
				<bar kind="2">
					<notes>4</notes>
					<rhytm>1</rhytm>
				</bar>
			</phrase>
			<phrase>
				<bar kind="0">7</bar>
				<bar kind="1">
					<notes>5</notes>
					<rhytm>1</rhytm>
				</bar>
				<bar kind="2">
					<notes>5</notes>
					<rhytm>2</rhytm>
				</bar>
<bar kind="3" frame="14">this sun light, will melt us, oh yeah!</bar>
			</phrase>
		</part>
		<part id="last">
			<phrase>
				<bar kind="0">9</bar>
				<bar kind="1">
					<notes>0</notes>
					<rhytm>2</rhytm>
				</bar>
				<bar kind="2">
					<notes>0</notes>
					<rhytm>0</rhytm>
				</bar>
			</phrase>
			<phrase></phrase>
			<phrase></phrase>
			<phrase></phrase>
		</part>
	</compose>
</song>