<?xml version="1.0" encoding="iso-8859-1"?>
<blobworld width="400" height="200">
<blobs>
<blob isHole="false" area="15332.0" circumference="1295.1412" >
<bounding_rect x="1" y="52" width="220" height="141" />
<centroid x="116" y="135" />
<points>
<point x="34" y="52" />
<point x="34" y="55" />
<point x="33" y="56" />
<point x="34" y="57" />
<point x="32" y="59" />
<point x="32" y="61" />
<point x="30" y="63" />
<point x="30" y="64" />
<point x="29" y="65" />
<point x="29" y="66" />
<point x="28" y="67" />
<point x="28" y="74" />
<point x="30" y="74" />
<point x="31" y="75" />
<point x="31" y="76" />
<point x="36" y="81" />
<point x="36" y="82" />
<point x="37" y="83" />
<point x="37" y="84" />
<point x="39" y="86" />
<point x="39" y="87" />
<point x="40" y="88" />
<point x="40" y="90" />
<point x="38" y="92" />
<point x="37" y="92" />
<point x="36" y="91" />
<point x="36" y="90" />
<point x="35" y="89" />
<point x="30" y="89" />
<point x="29" y="88" />
<point x="27" y="88" />
<point x="27" y="89" />
<point x="28" y="89" />
<point x="29" y="90" />
<point x="28" y="91" />
<point x="29" y="92" />
<point x="32" y="92" />
<point x="33" y="91" />
<point x="34" y="92" />
<point x="34" y="93" />
<point x="33" y="94" />
<point x="30" y="94" />
<point x="28" y="96" />
<point x="27" y="95" />
<point x="27" y="94" />
<point x="25" y="92" />
<point x="25" y="91" />
<point x="23" y="91" />
<point x="21" y="89" />
<point x="21" y="87" />
<point x="19" y="87" />
<point x="18" y="88" />
<point x="18" y="90" />
<point x="17" y="91" />
<point x="17" y="92" />
<point x="21" y="92" />
<point x="22" y="93" />
<point x="21" y="94" />
<point x="21" y="97" />
<point x="22" y="97" />
<point x="22" y="94" />
<point x="23" y="93" />
<point x="24" y="94" />
<point x="25" y="94" />
<point x="26" y="95" />
<point x="26" y="96" />
<point x="27" y="97" />
<point x="26" y="98" />
<point x="29" y="98" />
<point x="30" y="99" />
<point x="31" y="99" />
<point x="32" y="100" />
<point x="33" y="100" />
<point x="34" y="99" />
<point x="35" y="100" />
<point x="36" y="100" />
<point x="36" y="99" />
<point x="37" y="98" />
<point x="38" y="99" />
<point x="38" y="100" />
<point x="39" y="101" />
<point x="40" y="100" />
<point x="41" y="100" />
<point x="42" y="99" />
<point x="44" y="99" />
<point x="45" y="100" />
<point x="47" y="100" />
<point x="48" y="101" />
<point x="52" y="101" />
<point x="53" y="102" />
<point x="55" y="102" />
<point x="56" y="103" />
<point x="55" y="104" />
<point x="56" y="104" />
<point x="59" y="107" />
<point x="58" y="108" />
<point x="58" y="111" />
<point x="59" y="112" />
<point x="59" y="115" />
<point x="60" y="116" />
<point x="60" y="117" />
<point x="62" y="117" />
<point x="63" y="118" />
<point x="63" y="125" />
<point x="64" y="126" />
<point x="62" y="128" />
<point x="59" y="128" />
<point x="59" y="129" />
<point x="58" y="130" />
<point x="56" y="130" />
<point x="55" y="131" />
<point x="54" y="130" />
<point x="54" y="128" />
<point x="52" y="128" />
<point x="52" y="130" />
<point x="54" y="130" />
<point x="55" y="131" />
<point x="54" y="132" />
<point x="54" y="133" />
<point x="53" y="134" />
<point x="53" y="135" />
<point x="50" y="138" />
<point x="47" y="138" />
<point x="46" y="139" />
<point x="45" y="139" />
<point x="44" y="138" />
<point x="44" y="137" />
<point x="43" y="136" />
<point x="44" y="135" />
<point x="44" y="134" />
<point x="43" y="134" />
<point x="42" y="133" />
<point x="43" y="132" />
<point x="43" y="131" />
<point x="42" y="130" />
<point x="42" y="129" />
<point x="43" y="128" />
<point x="41" y="128" />
<point x="41" y="129" />
<point x="40" y="130" />
<point x="40" y="132" />
<point x="42" y="134" />
<point x="42" y="135" />
<point x="43" y="136" />
<point x="43" y="139" />
<point x="42" y="140" />
<point x="42" y="143" />
<point x="40" y="145" />
<point x="41" y="146" />
<point x="41" y="147" />
<point x="40" y="148" />
<point x="39" y="147" />
<point x="39" y="148" />
<point x="38" y="149" />
<point x="36" y="149" />
<point x="34" y="151" />
<point x="32" y="151" />
<point x="30" y="153" />
<point x="29" y="153" />
<point x="25" y="157" />
<point x="24" y="157" />
<point x="20" y="161" />
<point x="19" y="161" />
<point x="17" y="163" />
<point x="17" y="166" />
<point x="16" y="167" />
<point x="13" y="167" />
<point x="12" y="168" />
<point x="11" y="168" />
<point x="10" y="167" />
<point x="9" y="167" />
<point x="8" y="168" />
<point x="7" y="168" />
<point x="6" y="169" />
<point x="5" y="169" />
<point x="4" y="170" />
<point x="1" y="170" />
<point x="1" y="179" />
<point x="7" y="179" />
<point x="8" y="180" />
<point x="10" y="180" />
<point x="11" y="179" />
<point x="17" y="179" />
<point x="18" y="180" />
<point x="19" y="180" />
<point x="20" y="181" />
<point x="21" y="180" />
<point x="22" y="181" />
<point x="26" y="181" />
<point x="27" y="180" />
<point x="29" y="180" />
<point x="30" y="181" />
<point x="31" y="181" />
<point x="32" y="182" />
<point x="38" y="182" />
<point x="39" y="183" />
<point x="38" y="184" />
<point x="31" y="184" />
<point x="31" y="185" />
<point x="32" y="186" />
<point x="32" y="187" />
<point x="34" y="187" />
<point x="34" y="186" />
<point x="35" y="185" />
<point x="36" y="186" />
<point x="49" y="186" />
<point x="49" y="183" />
<point x="50" y="182" />
<point x="51" y="182" />
<point x="53" y="180" />
<point x="55" y="182" />
<point x="55" y="183" />
<point x="59" y="183" />
<point x="60" y="184" />
<point x="61" y="184" />
<point x="62" y="183" />
<point x="69" y="183" />
<point x="70" y="184" />
<point x="71" y="184" />
<point x="73" y="186" />
<point x="73" y="187" />
<point x="78" y="187" />
<point x="79" y="188" />
<point x="79" y="189" />
<point x="82" y="189" />
<point x="83" y="190" />
<point x="86" y="190" />
<point x="87" y="189" />
<point x="88" y="190" />
<point x="89" y="190" />
<point x="91" y="192" />
<point x="96" y="192" />
<point x="98" y="190" />
<point x="98" y="189" />
<point x="99" y="188" />
<point x="100" y="188" />
<point x="101" y="187" />
<point x="100" y="186" />
<point x="101" y="185" />
<point x="104" y="185" />
<point x="105" y="184" />
<point x="106" y="185" />
<point x="106" y="186" />
<point x="109" y="186" />
<point x="109" y="185" />
<point x="110" y="184" />
<point x="111" y="185" />
<point x="112" y="185" />
<point x="112" y="184" />
<point x="113" y="183" />
<point x="117" y="183" />
<point x="118" y="182" />
<point x="119" y="183" />
<point x="122" y="183" />
<point x="124" y="181" />
<point x="125" y="181" />
<point x="127" y="179" />
<point x="133" y="179" />
<point x="134" y="180" />
<point x="136" y="180" />
<point x="137" y="181" />
<point x="136" y="182" />
<point x="135" y="182" />
<point x="133" y="184" />
<point x="130" y="184" />
<point x="129" y="185" />
<point x="123" y="185" />
<point x="122" y="186" />
<point x="123" y="187" />
<point x="127" y="187" />
<point x="128" y="186" />
<point x="135" y="186" />
<point x="136" y="185" />
<point x="137" y="185" />
<point x="138" y="184" />
<point x="139" y="184" />
<point x="141" y="182" />
<point x="142" y="182" />
<point x="142" y="180" />
<point x="140" y="180" />
<point x="139" y="179" />
<point x="140" y="178" />
<point x="143" y="178" />
<point x="144" y="179" />
<point x="145" y="179" />
<point x="147" y="177" />
<point x="148" y="178" />
<point x="152" y="178" />
<point x="151" y="177" />
<point x="151" y="176" />
<point x="152" y="175" />
<point x="154" y="177" />
<point x="156" y="177" />
<point x="157" y="178" />
<point x="159" y="178" />
<point x="160" y="179" />
<point x="164" y="179" />
<point x="165" y="180" />
<point x="167" y="180" />
<point x="168" y="181" />
<point x="169" y="181" />
<point x="170" y="180" />
<point x="171" y="181" />
<point x="172" y="180" />
<point x="178" y="180" />
<point x="179" y="179" />
<point x="180" y="179" />
<point x="181" y="178" />
<point x="184" y="178" />
<point x="185" y="177" />
<point x="186" y="177" />
<point x="186" y="176" />
<point x="185" y="175" />
<point x="187" y="173" />
<point x="188" y="173" />
<point x="189" y="172" />
<point x="191" y="172" />
<point x="192" y="171" />
<point x="194" y="171" />
<point x="194" y="166" />
<point x="193" y="166" />
<point x="191" y="164" />
<point x="191" y="163" />
<point x="190" y="162" />
<point x="191" y="161" />
<point x="194" y="161" />
<point x="195" y="160" />
<point x="195" y="159" />
<point x="196" y="158" />
<point x="197" y="159" />
<point x="197" y="160" />
<point x="198" y="160" />
<point x="199" y="161" />
<point x="199" y="162" />
<point x="200" y="162" />
<point x="201" y="163" />
<point x="201" y="165" />
<point x="202" y="166" />
<point x="201" y="167" />
<point x="200" y="167" />
<point x="200" y="169" />
<point x="201" y="169" />
<point x="201" y="168" />
<point x="202" y="167" />
<point x="207" y="167" />
<point x="208" y="166" />
<point x="209" y="166" />
<point x="209" y="165" />
<point x="208" y="164" />
<point x="210" y="162" />
<point x="211" y="162" />
<point x="211" y="158" />
<point x="208" y="158" />
<point x="207" y="157" />
<point x="207" y="156" />
<point x="206" y="156" />
<point x="205" y="155" />
<point x="205" y="154" />
<point x="203" y="154" />
<point x="201" y="152" />
<point x="201" y="151" />
<point x="202" y="150" />
<point x="210" y="150" />
<point x="210" y="148" />
<point x="209" y="147" />
<point x="210" y="146" />
<point x="210" y="142" />
<point x="207" y="142" />
<point x="206" y="141" />
<point x="208" y="139" />
<point x="209" y="139" />
<point x="210" y="138" />
<point x="210" y="137" />
<point x="211" y="136" />
<point x="211" y="134" />
<point x="212" y="133" />
<point x="213" y="133" />
<point x="214" y="134" />
<point x="215" y="134" />
<point x="216" y="133" />
<point x="217" y="134" />
<point x="217" y="135" />
<point x="218" y="135" />
<point x="219" y="134" />
<point x="220" y="134" />
<point x="220" y="131" />
<point x="219" y="131" />
<point x="218" y="132" />
<point x="216" y="132" />
<point x="215" y="131" />
<point x="216" y="130" />
<point x="216" y="129" />
<point x="218" y="127" />
<point x="218" y="126" />
<point x="219" y="125" />
<point x="219" y="124" />
<point x="218" y="123" />
<point x="218" y="119" />
<point x="219" y="118" />
<point x="219" y="117" />
<point x="218" y="116" />
<point x="218" y="114" />
<point x="217" y="113" />
<point x="216" y="113" />
<point x="215" y="112" />
<point x="215" y="111" />
<point x="214" y="110" />
<point x="214" y="109" />
<point x="213" y="108" />
<point x="212" y="108" />
<point x="210" y="106" />
<point x="209" y="106" />
<point x="208" y="105" />
<point x="207" y="105" />
<point x="206" y="106" />
<point x="200" y="106" />
<point x="199" y="107" />
<point x="198" y="107" />
<point x="197" y="108" />
<point x="195" y="108" />
<point x="193" y="106" />
<point x="193" y="105" />
<point x="191" y="105" />
<point x="190" y="106" />
<point x="189" y="105" />
<point x="189" y="102" />
<point x="190" y="101" />
<point x="190" y="99" />
<point x="186" y="95" />
<point x="186" y="93" />
<point x="185" y="92" />
<point x="185" y="87" />
<point x="186" y="86" />
<point x="186" y="84" />
<point x="187" y="83" />
<point x="187" y="81" />
<point x="185" y="79" />
<point x="185" y="78" />
<point x="184" y="77" />
<point x="184" y="74" />
<point x="183" y="73" />
<point x="183" y="71" />
<point x="182" y="70" />
<point x="182" y="69" />
<point x="180" y="67" />
<point x="180" y="64" />
<point x="179" y="63" />
<point x="179" y="62" />
<point x="175" y="62" />
<point x="174" y="63" />
<point x="169" y="63" />
<point x="163" y="69" />
<point x="163" y="70" />
<point x="162" y="71" />
<point x="162" y="72" />
<point x="161" y="73" />
<point x="160" y="73" />
<point x="160" y="74" />
<point x="159" y="75" />
<point x="159" y="76" />
<point x="160" y="77" />
<point x="160" y="79" />
<point x="159" y="80" />
<point x="158" y="80" />
<point x="156" y="82" />
<point x="155" y="82" />
<point x="154" y="83" />
<point x="154" y="90" />
<point x="155" y="91" />
<point x="155" y="96" />
<point x="153" y="98" />
<point x="153" y="99" />
<point x="149" y="103" />
<point x="148" y="103" />
<point x="145" y="106" />
<point x="145" y="107" />
<point x="144" y="108" />
<point x="144" y="109" />
<point x="142" y="111" />
<point x="142" y="113" />
<point x="141" y="114" />
<point x="138" y="114" />
<point x="138" y="116" />
<point x="140" y="116" />
<point x="141" y="115" />
<point x="143" y="115" />
<point x="144" y="116" />
<point x="142" y="118" />
<point x="141" y="118" />
<point x="139" y="120" />
<point x="137" y="120" />
<point x="135" y="122" />
<point x="134" y="122" />
<point x="134" y="123" />
<point x="133" y="124" />
<point x="133" y="125" />
<point x="132" y="126" />
<point x="134" y="128" />
<point x="133" y="129" />
<point x="126" y="129" />
<point x="123" y="126" />
<point x="123" y="125" />
<point x="122" y="124" />
<point x="120" y="124" />
<point x="119" y="123" />
<point x="119" y="122" />
<point x="118" y="121" />
<point x="118" y="118" />
<point x="117" y="117" />
<point x="117" y="116" />
<point x="118" y="115" />
<point x="119" y="115" />
<point x="120" y="114" />
<point x="120" y="113" />
<point x="118" y="111" />
<point x="118" y="110" />
<point x="119" y="109" />
<point x="119" y="104" />
<point x="118" y="103" />
<point x="118" y="100" />
<point x="117" y="100" />
<point x="117" y="113" />
<point x="116" y="114" />
<point x="115" y="113" />
<point x="115" y="112" />
<point x="114" y="111" />
<point x="114" y="110" />
<point x="112" y="110" />
<point x="111" y="109" />
<point x="111" y="108" />
<point x="110" y="107" />
<point x="109" y="107" />
<point x="108" y="108" />
<point x="108" y="111" />
<point x="110" y="113" />
<point x="110" y="115" />
<point x="109" y="116" />
<point x="110" y="117" />
<point x="108" y="119" />
<point x="107" y="119" />
<point x="107" y="120" />
<point x="106" y="121" />
<point x="105" y="121" />
<point x="101" y="125" />
<point x="98" y="125" />
<point x="95" y="122" />
<point x="95" y="118" />
<point x="96" y="117" />
<point x="96" y="116" />
<point x="97" y="115" />
<point x="97" y="111" />
<point x="96" y="110" />
<point x="96" y="109" />
<point x="93" y="106" />
<point x="93" y="103" />
<point x="92" y="103" />
<point x="91" y="102" />
<point x="91" y="101" />
<point x="90" y="100" />
<point x="90" y="99" />
<point x="88" y="97" />
<point x="86" y="97" />
<point x="85" y="96" />
<point x="86" y="95" />
<point x="86" y="94" />
<point x="85" y="94" />
<point x="84" y="95" />
<point x="81" y="92" />
<point x="77" y="92" />
<point x="76" y="91" />
<point x="68" y="91" />
<point x="66" y="89" />
<point x="60" y="89" />
<point x="59" y="90" />
<point x="58" y="90" />
<point x="56" y="92" />
<point x="55" y="92" />
<point x="54" y="91" />
<point x="53" y="91" />
<point x="52" y="92" />
<point x="52" y="93" />
<point x="51" y="94" />
<point x="50" y="93" />
<point x="49" y="93" />
<point x="49" y="94" />
<point x="48" y="95" />
<point x="47" y="95" />
<point x="46" y="94" />
<point x="46" y="92" />
<point x="47" y="91" />
<point x="43" y="91" />
<point x="42" y="90" />
<point x="42" y="83" />
<point x="43" y="82" />
<point x="44" y="83" />
<point x="46" y="83" />
<point x="47" y="84" />
<point x="47" y="89" />
<point x="48" y="89" />
<point x="49" y="88" />
<point x="50" y="88" />
<point x="51" y="89" />
<point x="55" y="89" />
<point x="55" y="88" />
<point x="54" y="87" />
<point x="56" y="85" />
<point x="57" y="86" />
<point x="59" y="86" />
<point x="60" y="85" />
<point x="61" y="85" />
<point x="64" y="82" />
<point x="64" y="81" />
<point x="66" y="79" />
<point x="68" y="79" />
<point x="69" y="78" />
<point x="70" y="78" />
<point x="71" y="79" />
<point x="72" y="79" />
<point x="72" y="78" />
<point x="73" y="77" />
<point x="73" y="75" />
<point x="74" y="74" />
<point x="74" y="72" />
<point x="73" y="71" />
<point x="73" y="69" />
<point x="72" y="68" />
<point x="72" y="67" />
<point x="71" y="66" />
<point x="71" y="65" />
<point x="72" y="64" />
<point x="72" y="63" />
<point x="71" y="62" />
<point x="70" y="62" />
<point x="69" y="61" />
<point x="68" y="61" />
<point x="66" y="63" />
<point x="61" y="63" />
<point x="60" y="64" />
<point x="59" y="64" />
<point x="58" y="65" />
<point x="51" y="65" />
<point x="49" y="63" />
<point x="49" y="62" />
<point x="48" y="62" />
<point x="47" y="61" />
<point x="46" y="61" />
<point x="43" y="58" />
<point x="41" y="58" />
<point x="39" y="56" />
<point x="39" y="55" />
<point x="38" y="54" />
<point x="38" y="53" />
<point x="37" y="52" />
</points>
</blob>
<blob isHole="false" area="8291.5" circumference="920.7077" >
<bounding_rect x="213" y="38" width="186" height="157" />
<centroid x="293" y="142" />
<points>
<point x="274" y="38" />
<point x="273" y="39" />
<point x="271" y="39" />
<point x="270" y="40" />
<point x="270" y="41" />
<point x="274" y="41" />
<point x="275" y="42" />
<point x="275" y="43" />
<point x="276" y="44" />
<point x="272" y="48" />
<point x="272" y="49" />
<point x="273" y="49" />
<point x="274" y="50" />
<point x="273" y="51" />
<point x="272" y="51" />
<point x="272" y="52" />
<point x="271" y="53" />
<point x="270" y="53" />
<point x="270" y="54" />
<point x="267" y="57" />
<point x="265" y="57" />
<point x="264" y="58" />
<point x="263" y="58" />
<point x="263" y="59" />
<point x="262" y="60" />
<point x="263" y="61" />
<point x="262" y="62" />
<point x="259" y="62" />
<point x="258" y="63" />
<point x="258" y="64" />
<point x="253" y="69" />
<point x="253" y="72" />
<point x="251" y="74" />
<point x="249" y="74" />
<point x="248" y="75" />
<point x="246" y="75" />
<point x="245" y="76" />
<point x="245" y="77" />
<point x="243" y="79" />
<point x="243" y="81" />
<point x="242" y="82" />
<point x="242" y="86" />
<point x="241" y="87" />
<point x="241" y="88" />
<point x="238" y="91" />
<point x="238" y="96" />
<point x="241" y="96" />
<point x="243" y="98" />
<point x="246" y="98" />
<point x="247" y="99" />
<point x="248" y="99" />
<point x="249" y="100" />
<point x="250" y="100" />
<point x="251" y="101" />
<point x="254" y="101" />
<point x="255" y="102" />
<point x="255" y="104" />
<point x="256" y="105" />
<point x="256" y="106" />
<point x="257" y="107" />
<point x="258" y="107" />
<point x="259" y="108" />
<point x="263" y="108" />
<point x="267" y="112" />
<point x="267" y="113" />
<point x="265" y="115" />
<point x="265" y="116" />
<point x="266" y="116" />
<point x="267" y="117" />
<point x="267" y="119" />
<point x="268" y="120" />
<point x="268" y="121" />
<point x="269" y="122" />
<point x="275" y="122" />
<point x="276" y="123" />
<point x="277" y="123" />
<point x="279" y="125" />
<point x="279" y="126" />
<point x="280" y="126" />
<point x="286" y="132" />
<point x="287" y="131" />
<point x="288" y="131" />
<point x="289" y="132" />
<point x="289" y="134" />
<point x="290" y="135" />
<point x="287" y="138" />
<point x="286" y="138" />
<point x="285" y="139" />
<point x="284" y="139" />
<point x="283" y="140" />
<point x="283" y="143" />
<point x="282" y="144" />
<point x="282" y="145" />
<point x="281" y="146" />
<point x="277" y="146" />
<point x="277" y="147" />
<point x="278" y="148" />
<point x="276" y="150" />
<point x="274" y="150" />
<point x="273" y="149" />
<point x="271" y="149" />
<point x="270" y="150" />
<point x="269" y="150" />
<point x="268" y="151" />
<point x="267" y="150" />
<point x="267" y="149" />
<point x="266" y="149" />
<point x="265" y="150" />
<point x="266" y="151" />
<point x="266" y="152" />
<point x="265" y="153" />
<point x="260" y="153" />
<point x="259" y="152" />
<point x="258" y="152" />
<point x="258" y="155" />
<point x="259" y="156" />
<point x="259" y="157" />
<point x="260" y="157" />
<point x="261" y="158" />
<point x="261" y="160" />
<point x="263" y="162" />
<point x="264" y="162" />
<point x="265" y="163" />
<point x="267" y="163" />
<point x="268" y="164" />
<point x="268" y="165" />
<point x="270" y="167" />
<point x="270" y="168" />
<point x="271" y="169" />
<point x="271" y="172" />
<point x="269" y="174" />
<point x="268" y="174" />
<point x="267" y="175" />
<point x="267" y="176" />
<point x="270" y="176" />
<point x="271" y="177" />
<point x="272" y="177" />
<point x="273" y="178" />
<point x="273" y="179" />
<point x="275" y="179" />
<point x="276" y="180" />
<point x="278" y="180" />
<point x="279" y="181" />
<point x="282" y="181" />
<point x="283" y="182" />
<point x="284" y="182" />
<point x="285" y="183" />
<point x="287" y="183" />
<point x="288" y="184" />
<point x="285" y="187" />
<point x="284" y="187" />
<point x="284" y="188" />
<point x="283" y="189" />
<point x="282" y="189" />
<point x="281" y="188" />
<point x="281" y="187" />
<point x="280" y="187" />
<point x="279" y="186" />
<point x="277" y="186" />
<point x="276" y="185" />
<point x="266" y="185" />
<point x="264" y="183" />
<point x="263" y="183" />
<point x="262" y="182" />
<point x="262" y="181" />
<point x="261" y="180" />
<point x="261" y="179" />
<point x="259" y="177" />
<point x="260" y="176" />
<point x="260" y="175" />
<point x="258" y="173" />
<point x="258" y="172" />
<point x="257" y="172" />
<point x="256" y="171" />
<point x="256" y="170" />
<point x="255" y="169" />
<point x="254" y="169" />
<point x="253" y="168" />
<point x="251" y="168" />
<point x="250" y="167" />
<point x="247" y="167" />
<point x="247" y="168" />
<point x="246" y="169" />
<point x="246" y="170" />
<point x="244" y="172" />
<point x="244" y="173" />
<point x="243" y="174" />
<point x="238" y="174" />
<point x="236" y="176" />
<point x="233" y="176" />
<point x="232" y="177" />
<point x="227" y="177" />
<point x="226" y="178" />
<point x="225" y="178" />
<point x="224" y="179" />
<point x="223" y="179" />
<point x="223" y="181" />
<point x="221" y="183" />
<point x="220" y="183" />
<point x="219" y="184" />
<point x="219" y="185" />
<point x="220" y="186" />
<point x="218" y="188" />
<point x="218" y="189" />
<point x="216" y="191" />
<point x="213" y="191" />
<point x="213" y="192" />
<point x="214" y="193" />
<point x="219" y="193" />
<point x="220" y="192" />
<point x="222" y="192" />
<point x="223" y="193" />
<point x="223" y="194" />
<point x="252" y="194" />
<point x="253" y="193" />
<point x="269" y="193" />
<point x="270" y="194" />
<point x="289" y="194" />
<point x="290" y="193" />
<point x="301" y="193" />
<point x="302" y="192" />
<point x="305" y="192" />
<point x="305" y="191" />
<point x="307" y="189" />
<point x="308" y="189" />
<point x="310" y="191" />
<point x="311" y="191" />
<point x="311" y="190" />
<point x="312" y="189" />
<point x="313" y="189" />
<point x="314" y="190" />
<point x="315" y="190" />
<point x="317" y="188" />
<point x="318" y="188" />
<point x="318" y="187" />
<point x="319" y="186" />
<point x="320" y="186" />
<point x="321" y="187" />
<point x="321" y="189" />
<point x="326" y="189" />
<point x="327" y="188" />
<point x="332" y="188" />
<point x="333" y="187" />
<point x="336" y="187" />
<point x="337" y="186" />
<point x="337" y="185" />
<point x="338" y="184" />
<point x="339" y="184" />
<point x="338" y="183" />
<point x="339" y="182" />
<point x="340" y="182" />
<point x="340" y="181" />
<point x="341" y="180" />
<point x="346" y="180" />
<point x="347" y="179" />
<point x="348" y="179" />
<point x="349" y="178" />
<point x="353" y="178" />
<point x="354" y="179" />
<point x="361" y="179" />
<point x="362" y="180" />
<point x="372" y="180" />
<point x="373" y="181" />
<point x="375" y="181" />
<point x="376" y="180" />
<point x="380" y="180" />
<point x="382" y="178" />
<point x="385" y="178" />
<point x="385" y="177" />
<point x="384" y="176" />
<point x="385" y="175" />
<point x="388" y="175" />
<point x="389" y="176" />
<point x="392" y="176" />
<point x="393" y="177" />
<point x="396" y="177" />
<point x="397" y="178" />
<point x="398" y="178" />
<point x="398" y="174" />
<point x="397" y="173" />
<point x="393" y="173" />
<point x="392" y="172" />
<point x="391" y="172" />
<point x="390" y="173" />
<point x="389" y="172" />
<point x="389" y="171" />
<point x="388" y="170" />
<point x="387" y="170" />
<point x="387" y="172" />
<point x="386" y="173" />
<point x="384" y="171" />
<point x="385" y="170" />
<point x="385" y="167" />
<point x="382" y="167" />
<point x="381" y="168" />
<point x="380" y="167" />
<point x="380" y="166" />
<point x="378" y="166" />
<point x="377" y="165" />
<point x="378" y="164" />
<point x="380" y="164" />
<point x="381" y="163" />
<point x="382" y="163" />
<point x="383" y="162" />
<point x="385" y="162" />
<point x="386" y="161" />
<point x="387" y="161" />
<point x="388" y="160" />
<point x="393" y="160" />
<point x="394" y="159" />
<point x="395" y="160" />
<point x="396" y="159" />
<point x="398" y="159" />
<point x="398" y="158" />
<point x="394" y="158" />
<point x="393" y="159" />
<point x="392" y="158" />
<point x="391" y="158" />
<point x="390" y="159" />
<point x="387" y="159" />
<point x="386" y="160" />
<point x="384" y="160" />
<point x="383" y="161" />
<point x="380" y="161" />
<point x="379" y="162" />
<point x="377" y="162" />
<point x="376" y="163" />
<point x="375" y="163" />
<point x="374" y="164" />
<point x="373" y="163" />
<point x="371" y="163" />
<point x="367" y="167" />
<point x="366" y="167" />
<point x="365" y="168" />
<point x="364" y="167" />
<point x="363" y="167" />
<point x="362" y="168" />
<point x="361" y="168" />
<point x="360" y="167" />
<point x="355" y="167" />
<point x="354" y="166" />
<point x="353" y="166" />
<point x="350" y="163" />
<point x="349" y="163" />
<point x="348" y="162" />
<point x="348" y="160" />
<point x="347" y="159" />
<point x="346" y="159" />
<point x="345" y="160" />
<point x="344" y="159" />
<point x="343" y="159" />
<point x="342" y="158" />
<point x="342" y="157" />
<point x="338" y="153" />
<point x="338" y="150" />
<point x="339" y="149" />
<point x="339" y="148" />
<point x="338" y="147" />
<point x="338" y="144" />
<point x="335" y="141" />
<point x="335" y="140" />
<point x="333" y="138" />
<point x="333" y="137" />
<point x="331" y="137" />
<point x="329" y="135" />
<point x="329" y="134" />
<point x="328" y="133" />
<point x="329" y="132" />
<point x="328" y="132" />
<point x="325" y="129" />
<point x="325" y="128" />
<point x="324" y="128" />
<point x="323" y="127" />
<point x="323" y="126" />
<point x="321" y="126" />
<point x="321" y="127" />
<point x="320" y="128" />
<point x="319" y="127" />
<point x="319" y="125" />
<point x="317" y="123" />
<point x="317" y="122" />
<point x="316" y="122" />
<point x="315" y="121" />
<point x="314" y="121" />
<point x="313" y="120" />
<point x="312" y="120" />
<point x="311" y="119" />
<point x="309" y="119" />
<point x="308" y="118" />
<point x="306" y="118" />
<point x="305" y="119" />
<point x="303" y="117" />
<point x="302" y="117" />
<point x="301" y="116" />
<point x="300" y="116" />
<point x="299" y="115" />
<point x="297" y="115" />
<point x="296" y="114" />
<point x="296" y="113" />
<point x="293" y="110" />
<point x="292" y="110" />
<point x="291" y="109" />
<point x="291" y="108" />
<point x="290" y="108" />
<point x="288" y="110" />
<point x="286" y="108" />
<point x="286" y="105" />
<point x="289" y="102" />
<point x="289" y="101" />
<point x="290" y="100" />
<point x="290" y="97" />
<point x="291" y="96" />
<point x="290" y="95" />
<point x="290" y="94" />
<point x="288" y="92" />
<point x="288" y="91" />
<point x="287" y="90" />
<point x="287" y="89" />
<point x="285" y="87" />
<point x="285" y="85" />
<point x="283" y="83" />
<point x="282" y="83" />
<point x="281" y="82" />
<point x="280" y="82" />
<point x="278" y="80" />
<point x="278" y="75" />
<point x="279" y="74" />
<point x="279" y="68" />
<point x="280" y="67" />
<point x="280" y="62" />
<point x="282" y="60" />
<point x="282" y="55" />
<point x="283" y="54" />
<point x="283" y="51" />
<point x="284" y="50" />
<point x="284" y="42" />
<point x="283" y="42" />
<point x="281" y="40" />
<point x="280" y="40" />
<point x="279" y="39" />
<point x="277" y="39" />
<point x="276" y="38" />
</points>
</blob>
<blob isHole="false" area="7970.0" circumference="1010.8183" >
<bounding_rect x="1" y="1" width="398" height="34" />
<centroid x="179" y="12" />
<points>
<point x="1" y="1" />
<point x="1" y="8" />
<point x="7" y="8" />
<point x="8" y="9" />
<point x="13" y="9" />
<point x="14" y="10" />
<point x="17" y="10" />
<point x="18" y="11" />
<point x="19" y="11" />
<point x="20" y="12" />
<point x="19" y="13" />
<point x="13" y="13" />
<point x="13" y="16" />
<point x="14" y="16" />
<point x="15" y="17" />
<point x="15" y="18" />
<point x="14" y="19" />
<point x="10" y="19" />
<point x="9" y="20" />
<point x="9" y="22" />
<point x="11" y="22" />
<point x="12" y="23" />
<point x="19" y="23" />
<point x="20" y="24" />
<point x="21" y="24" />
<point x="22" y="25" />
<point x="33" y="25" />
<point x="34" y="26" />
<point x="36" y="26" />
<point x="37" y="27" />
<point x="43" y="27" />
<point x="44" y="28" />
<point x="55" y="28" />
<point x="56" y="27" />
<point x="57" y="27" />
<point x="58" y="28" />
<point x="59" y="28" />
<point x="60" y="27" />
<point x="61" y="28" />
<point x="62" y="27" />
<point x="63" y="28" />
<point x="64" y="28" />
<point x="65" y="27" />
<point x="68" y="27" />
<point x="69" y="28" />
<point x="76" y="28" />
<point x="77" y="27" />
<point x="79" y="27" />
<point x="80" y="28" />
<point x="83" y="28" />
<point x="84" y="29" />
<point x="87" y="29" />
<point x="88" y="28" />
<point x="89" y="28" />
<point x="90" y="27" />
<point x="91" y="28" />
<point x="94" y="28" />
<point x="95" y="27" />
<point x="99" y="27" />
<point x="100" y="28" />
<point x="102" y="28" />
<point x="103" y="27" />
<point x="108" y="27" />
<point x="109" y="26" />
<point x="111" y="26" />
<point x="112" y="25" />
<point x="113" y="25" />
<point x="114" y="24" />
<point x="119" y="24" />
<point x="120" y="23" />
<point x="121" y="24" />
<point x="121" y="26" />
<point x="130" y="26" />
<point x="131" y="27" />
<point x="136" y="27" />
<point x="137" y="28" />
<point x="143" y="28" />
<point x="144" y="27" />
<point x="148" y="27" />
<point x="149" y="26" />
<point x="152" y="26" />
<point x="153" y="25" />
<point x="155" y="25" />
<point x="156" y="24" />
<point x="159" y="24" />
<point x="160" y="25" />
<point x="162" y="25" />
<point x="163" y="24" />
<point x="168" y="24" />
<point x="169" y="23" />
<point x="177" y="23" />
<point x="178" y="24" />
<point x="182" y="24" />
<point x="183" y="23" />
<point x="184" y="24" />
<point x="185" y="24" />
<point x="186" y="23" />
<point x="188" y="23" />
<point x="189" y="24" />
<point x="191" y="24" />
<point x="192" y="23" />
<point x="196" y="23" />
<point x="197" y="22" />
<point x="201" y="22" />
<point x="202" y="23" />
<point x="202" y="24" />
<point x="203" y="24" />
<point x="203" y="23" />
<point x="204" y="22" />
<point x="205" y="22" />
<point x="206" y="23" />
<point x="207" y="23" />
<point x="208" y="22" />
<point x="209" y="22" />
<point x="210" y="23" />
<point x="211" y="23" />
<point x="212" y="22" />
<point x="213" y="22" />
<point x="214" y="21" />
<point x="215" y="21" />
<point x="216" y="20" />
<point x="218" y="20" />
<point x="220" y="18" />
<point x="225" y="18" />
<point x="226" y="17" />
<point x="231" y="17" />
<point x="232" y="16" />
<point x="235" y="16" />
<point x="236" y="15" />
<point x="239" y="15" />
<point x="239" y="13" />
<point x="240" y="12" />
<point x="241" y="13" />
<point x="241" y="14" />
<point x="245" y="14" />
<point x="246" y="15" />
<point x="248" y="13" />
<point x="249" y="14" />
<point x="249" y="15" />
<point x="254" y="15" />
<point x="255" y="14" />
<point x="258" y="14" />
<point x="259" y="13" />
<point x="260" y="13" />
<point x="261" y="12" />
<point x="261" y="11" />
<point x="263" y="9" />
<point x="264" y="9" />
<point x="266" y="11" />
<point x="266" y="12" />
<point x="265" y="13" />
<point x="267" y="13" />
<point x="268" y="12" />
<point x="273" y="12" />
<point x="274" y="13" />
<point x="274" y="14" />
<point x="279" y="14" />
<point x="280" y="15" />
<point x="279" y="16" />
<point x="272" y="16" />
<point x="271" y="17" />
<point x="269" y="17" />
<point x="268" y="18" />
<point x="267" y="18" />
<point x="267" y="19" />
<point x="266" y="20" />
<point x="266" y="21" />
<point x="267" y="22" />
<point x="267" y="24" />
<point x="266" y="25" />
<point x="268" y="25" />
<point x="269" y="24" />
<point x="271" y="26" />
<point x="270" y="27" />
<point x="267" y="27" />
<point x="266" y="28" />
<point x="265" y="28" />
<point x="264" y="29" />
<point x="262" y="29" />
<point x="261" y="30" />
<point x="261" y="31" />
<point x="260" y="32" />
<point x="259" y="32" />
<point x="259" y="34" />
<point x="262" y="34" />
<point x="262" y="33" />
<point x="261" y="32" />
<point x="262" y="31" />
<point x="263" y="31" />
<point x="264" y="32" />
<point x="264" y="33" />
<point x="265" y="33" />
<point x="266" y="32" />
<point x="268" y="32" />
<point x="268" y="31" />
<point x="269" y="30" />
<point x="271" y="30" />
<point x="272" y="29" />
<point x="273" y="29" />
<point x="275" y="27" />
<point x="276" y="27" />
<point x="278" y="25" />
<point x="279" y="25" />
<point x="280" y="24" />
<point x="281" y="24" />
<point x="282" y="23" />
<point x="283" y="24" />
<point x="285" y="24" />
<point x="285" y="22" />
<point x="287" y="20" />
<point x="289" y="20" />
<point x="290" y="19" />
<point x="291" y="20" />
<point x="297" y="20" />
<point x="298" y="21" />
<point x="301" y="21" />
<point x="302" y="20" />
<point x="305" y="20" />
<point x="306" y="21" />
<point x="307" y="21" />
<point x="308" y="22" />
<point x="314" y="22" />
<point x="316" y="20" />
<point x="317" y="20" />
<point x="317" y="19" />
<point x="318" y="18" />
<point x="319" y="19" />
<point x="320" y="19" />
<point x="321" y="18" />
<point x="322" y="19" />
<point x="335" y="19" />
<point x="336" y="18" />
<point x="344" y="18" />
<point x="345" y="19" />
<point x="346" y="19" />
<point x="347" y="18" />
<point x="348" y="18" />
<point x="349" y="19" />
<point x="351" y="19" />
<point x="352" y="18" />
<point x="358" y="18" />
<point x="359" y="17" />
<point x="365" y="17" />
<point x="366" y="16" />
<point x="368" y="16" />
<point x="369" y="15" />
<point x="370" y="16" />
<point x="376" y="16" />
<point x="376" y="14" />
<point x="377" y="13" />
<point x="378" y="14" />
<point x="379" y="14" />
<point x="379" y="12" />
<point x="377" y="12" />
<point x="377" y="13" />
<point x="376" y="14" />
<point x="375" y="14" />
<point x="374" y="13" />
<point x="371" y="13" />
<point x="370" y="12" />
<point x="371" y="11" />
<point x="374" y="11" />
<point x="374" y="10" />
<point x="373" y="10" />
<point x="371" y="8" />
<point x="372" y="7" />
<point x="389" y="7" />
<point x="390" y="8" />
<point x="398" y="8" />
<point x="398" y="1" />
</points>
</blob>
<blob isHole="true" area="225.5" circumference="112.81118" >
<bounding_rect x="64" y="104" width="25" height="24" />
<centroid x="74" y="114" />
<points>
<point x="75" y="105" />
<point x="76" y="104" />
<point x="77" y="104" />
<point x="78" y="105" />
<point x="78" y="106" />
<point x="80" y="106" />
<point x="82" y="104" />
<point x="83" y="105" />
<point x="83" y="106" />
<point x="87" y="110" />
<point x="87" y="112" />
<point x="88" y="113" />
<point x="88" y="114" />
<point x="87" y="115" />
<point x="83" y="111" />
<point x="83" y="110" />
<point x="80" y="110" />
<point x="80" y="111" />
<point x="79" y="112" />
<point x="77" y="112" />
<point x="77" y="117" />
<point x="76" y="118" />
<point x="75" y="118" />
<point x="74" y="119" />
<point x="73" y="119" />
<point x="73" y="120" />
<point x="75" y="122" />
<point x="75" y="124" />
<point x="74" y="125" />
<point x="72" y="125" />
<point x="71" y="126" />
<point x="70" y="126" />
<point x="69" y="125" />
<point x="70" y="124" />
<point x="70" y="123" />
<point x="68" y="123" />
<point x="68" y="125" />
<point x="69" y="126" />
<point x="68" y="127" />
<point x="67" y="127" />
<point x="64" y="124" />
<point x="65" y="123" />
<point x="65" y="122" />
<point x="66" y="121" />
<point x="66" y="114" />
<point x="69" y="111" />
<point x="70" y="112" />
<point x="72" y="112" />
<point x="73" y="111" />
<point x="74" y="111" />
<point x="74" y="109" />
<point x="73" y="109" />
<point x="73" y="110" />
<point x="72" y="111" />
<point x="70" y="111" />
<point x="69" y="110" />
<point x="74" y="105" />
</points>
</blob>
<blob isHole="true" area="188.0" circumference="67.1127" >
<bounding_rect x="25" y="151" width="21" height="17" />
<centroid x="33" y="160" />
<points>
<point x="35" y="152" />
<point x="36" y="151" />
<point x="38" y="151" />
<point x="39" y="152" />
<point x="39" y="154" />
<point x="38" y="155" />
<point x="37" y="155" />
<point x="38" y="156" />
<point x="38" y="157" />
<point x="39" y="158" />
<point x="39" y="162" />
<point x="41" y="162" />
<point x="42" y="161" />
<point x="43" y="162" />
<point x="44" y="162" />
<point x="45" y="163" />
<point x="43" y="165" />
<point x="42" y="165" />
<point x="40" y="167" />
<point x="36" y="167" />
<point x="35" y="166" />
<point x="33" y="166" />
<point x="32" y="167" />
<point x="31" y="166" />
<point x="26" y="166" />
<point x="25" y="165" />
<point x="26" y="164" />
<point x="26" y="158" />
<point x="27" y="157" />
<point x="28" y="157" />
<point x="28" y="156" />
<point x="31" y="153" />
<point x="32" y="153" />
<point x="33" y="152" />
</points>
</blob>
<blob isHole="true" area="173.0" circumference="71.941124" >
<bounding_rect x="288" y="120" width="21" height="15" />
<centroid x="298" y="127" />
<points>
<point x="294" y="121" />
<point x="295" y="120" />
<point x="296" y="121" />
<point x="296" y="125" />
<point x="297" y="126" />
<point x="298" y="126" />
<point x="299" y="125" />
<point x="300" y="125" />
<point x="301" y="124" />
<point x="301" y="123" />
<point x="302" y="122" />
<point x="305" y="122" />
<point x="308" y="125" />
<point x="308" y="129" />
<point x="307" y="130" />
<point x="307" y="131" />
<point x="304" y="134" />
<point x="302" y="134" />
<point x="301" y="133" />
<point x="299" y="133" />
<point x="298" y="134" />
<point x="293" y="134" />
<point x="292" y="133" />
<point x="292" y="131" />
<point x="291" y="130" />
<point x="291" y="128" />
<point x="292" y="127" />
<point x="293" y="127" />
<point x="294" y="126" />
<point x="294" y="125" />
<point x="293" y="125" />
<point x="292" y="126" />
<point x="291" y="126" />
<point x="290" y="125" />
<point x="289" y="125" />
<point x="288" y="124" />
<point x="289" y="123" />
<point x="291" y="123" />
<point x="291" y="122" />
<point x="292" y="121" />
</points>
</blob>
<blob isHole="true" area="162.0" circumference="73.59798" >
<bounding_rect x="268" y="111" width="26" height="13" />
<centroid x="281" y="117" />
<points>
<point x="284" y="112" />
<point x="285" y="111" />
<point x="286" y="112" />
<point x="289" y="112" />
<point x="290" y="111" />
<point x="292" y="113" />
<point x="292" y="114" />
<point x="291" y="115" />
<point x="290" y="115" />
<point x="289" y="116" />
<point x="290" y="116" />
<point x="293" y="119" />
<point x="292" y="120" />
<point x="292" y="121" />
<point x="291" y="122" />
<point x="289" y="122" />
<point x="288" y="123" />
<point x="287" y="122" />
<point x="287" y="121" />
<point x="286" y="120" />
<point x="284" y="120" />
<point x="283" y="121" />
<point x="281" y="121" />
<point x="280" y="120" />
<point x="278" y="120" />
<point x="277" y="121" />
<point x="275" y="121" />
<point x="274" y="120" />
<point x="272" y="120" />
<point x="271" y="121" />
<point x="268" y="118" />
<point x="268" y="116" />
<point x="270" y="114" />
<point x="271" y="115" />
<point x="280" y="115" />
<point x="281" y="114" />
<point x="283" y="114" />
<point x="284" y="113" />
</points>
</blob>
<blob isHole="true" area="115.5" circumference="54.870056" >
<bounding_rect x="286" y="160" width="20" height="13" />
<centroid x="294" y="166" />
<points>
<point x="288" y="161" />
<point x="289" y="160" />
<point x="290" y="160" />
<point x="291" y="161" />
<point x="291" y="163" />
<point x="295" y="163" />
<point x="296" y="164" />
<point x="297" y="164" />
<point x="298" y="165" />
<point x="301" y="165" />
<point x="303" y="167" />
<point x="304" y="167" />
<point x="305" y="168" />
<point x="303" y="170" />
<point x="301" y="170" />
<point x="299" y="172" />
<point x="298" y="172" />
<point x="297" y="171" />
<point x="292" y="171" />
<point x="291" y="170" />
<point x="290" y="171" />
<point x="289" y="170" />
<point x="289" y="169" />
<point x="288" y="169" />
<point x="287" y="168" />
<point x="287" y="166" />
<point x="286" y="165" />
<point x="287" y="164" />
<point x="289" y="164" />
<point x="289" y="162" />
</points>
</blob>
<blob isHole="true" area="106.5" circumference="70.18376" >
<bounding_rect x="161" y="135" width="27" height="11" />
<centroid x="174" y="139" />
<points>
<point x="177" y="136" />
<point x="178" y="135" />
<point x="179" y="136" />
<point x="181" y="136" />
<point x="183" y="138" />
<point x="185" y="138" />
<point x="186" y="139" />
<point x="186" y="140" />
<point x="187" y="141" />
<point x="186" y="142" />
<point x="185" y="142" />
<point x="184" y="141" />
<point x="184" y="140" />
<point x="183" y="140" />
<point x="182" y="141" />
<point x="182" y="142" />
<point x="179" y="145" />
<point x="178" y="145" />
<point x="177" y="144" />
<point x="177" y="143" />
<point x="176" y="142" />
<point x="175" y="142" />
<point x="173" y="140" />
<point x="172" y="140" />
<point x="171" y="139" />
<point x="170" y="139" />
<point x="169" y="140" />
<point x="168" y="140" />
<point x="167" y="141" />
<point x="165" y="141" />
<point x="163" y="139" />
<point x="162" y="139" />
<point x="161" y="138" />
<point x="161" y="137" />
<point x="162" y="136" />
<point x="163" y="136" />
<point x="164" y="137" />
<point x="165" y="137" />
<point x="166" y="136" />
<point x="168" y="136" />
<point x="169" y="137" />
<point x="172" y="137" />
<point x="173" y="138" />
<point x="177" y="138" />
</points>
</blob>
<blob isHole="false" area="89.5" circumference="56.870056" >
<bounding_rect x="143" y="72" width="10" height="18" />
<centroid x="147" y="80" />
<points>
<point x="148" y="72" />
<point x="147" y="73" />
<point x="146" y="73" />
<point x="146" y="75" />
<point x="145" y="76" />
<point x="145" y="78" />
<point x="144" y="79" />
<point x="144" y="81" />
<point x="143" y="82" />
<point x="143" y="87" />
<point x="144" y="88" />
<point x="145" y="88" />
<point x="145" y="87" />
<point x="147" y="85" />
<point x="148" y="86" />
<point x="148" y="87" />
<point x="149" y="88" />
<point x="150" y="88" />
<point x="151" y="89" />
<point x="152" y="89" />
<point x="152" y="88" />
<point x="150" y="86" />
<point x="148" y="86" />
<point x="147" y="85" />
<point x="148" y="84" />
<point x="149" y="84" />
<point x="151" y="82" />
<point x="151" y="81" />
<point x="150" y="80" />
<point x="150" y="79" />
<point x="151" y="78" />
<point x="151" y="73" />
<point x="150" y="72" />
</points>
</blob>
<blob isHole="true" area="88.5" circumference="45.213203" >
<bounding_rect x="55" y="129" width="11" height="15" />
<centroid x="60" y="135" />
<points>
<point x="59" y="130" />
<point x="60" y="129" />
<point x="64" y="129" />
<point x="65" y="130" />
<point x="65" y="131" />
<point x="63" y="133" />
<point x="63" y="136" />
<point x="64" y="137" />
<point x="64" y="139" />
<point x="65" y="140" />
<point x="63" y="142" />
<point x="62" y="142" />
<point x="61" y="143" />
<point x="59" y="143" />
<point x="58" y="142" />
<point x="59" y="141" />
<point x="59" y="138" />
<point x="58" y="138" />
<point x="57" y="137" />
<point x="56" y="137" />
<point x="55" y="136" />
<point x="55" y="134" />
<point x="56" y="133" />
<point x="56" y="132" />
<point x="57" y="131" />
<point x="59" y="131" />
</points>
</blob>
<blob isHole="false" area="79.0" circumference="67.79899" >
<bounding_rect x="166" y="183" width="23" height="9" />
<centroid x="177" y="188" />
<points>
<point x="177" y="183" />
<point x="177" y="185" />
<point x="179" y="185" />
<point x="180" y="186" />
<point x="179" y="187" />
<point x="178" y="187" />
<point x="177" y="188" />
<point x="176" y="188" />
<point x="175" y="187" />
<point x="175" y="186" />
<point x="174" y="186" />
<point x="173" y="187" />
<point x="172" y="186" />
<point x="172" y="185" />
<point x="171" y="185" />
<point x="170" y="186" />
<point x="170" y="187" />
<point x="169" y="188" />
<point x="166" y="188" />
<point x="166" y="190" />
<point x="168" y="190" />
<point x="169" y="189" />
<point x="170" y="189" />
<point x="171" y="190" />
<point x="171" y="191" />
<point x="181" y="191" />
<point x="182" y="190" />
<point x="188" y="190" />
<point x="188" y="188" />
<point x="185" y="188" />
<point x="183" y="186" />
<point x="180" y="186" />
<point x="179" y="185" />
<point x="179" y="183" />
</points>
</blob>
<blob isHole="false" area="78.0" circumference="90.769554" >
<bounding_rect x="349" y="75" width="24" height="12" />
<centroid x="359" y="81" />
<points>
<point x="349" y="75" />
<point x="349" y="76" />
<point x="350" y="77" />
<point x="350" y="78" />
<point x="353" y="78" />
<point x="354" y="79" />
<point x="354" y="80" />
<point x="353" y="81" />
<point x="352" y="80" />
<point x="351" y="80" />
<point x="351" y="81" />
<point x="352" y="81" />
<point x="353" y="82" />
<point x="354" y="82" />
<point x="355" y="83" />
<point x="355" y="84" />
<point x="356" y="85" />
<point x="356" y="86" />
<point x="358" y="86" />
<point x="358" y="85" />
<point x="359" y="84" />
<point x="360" y="84" />
<point x="361" y="85" />
<point x="361" y="86" />
<point x="363" y="86" />
<point x="364" y="85" />
<point x="366" y="85" />
<point x="365" y="84" />
<point x="366" y="83" />
<point x="370" y="83" />
<point x="371" y="84" />
<point x="372" y="84" />
<point x="372" y="82" />
<point x="369" y="82" />
<point x="368" y="81" />
<point x="365" y="81" />
<point x="365" y="82" />
<point x="364" y="83" />
<point x="363" y="83" />
<point x="362" y="82" />
<point x="362" y="81" />
<point x="361" y="80" />
<point x="362" y="79" />
<point x="362" y="78" />
<point x="360" y="78" />
<point x="360" y="79" />
<point x="361" y="80" />
<point x="360" y="81" />
<point x="359" y="81" />
<point x="358" y="80" />
<point x="356" y="80" />
<point x="355" y="79" />
<point x="355" y="78" />
<point x="356" y="77" />
<point x="357" y="77" />
<point x="357" y="76" />
<point x="354" y="76" />
<point x="354" y="77" />
<point x="353" y="78" />
<point x="352" y="77" />
<point x="352" y="76" />
<point x="351" y="76" />
<point x="350" y="75" />
</points>
</blob>
<blob isHole="true" area="75.5" circumference="43.698483" >
<bounding_rect x="42" y="141" width="15" height="13" />
<centroid x="48" y="146" />
<points>
<point x="49" y="141" />
<point x="50" y="142" />
<point x="52" y="142" />
<point x="53" y="143" />
<point x="55" y="143" />
<point x="56" y="144" />
<point x="56" y="145" />
<point x="55" y="146" />
<point x="54" y="146" />
<point x="54" y="147" />
<point x="52" y="149" />
<point x="51" y="148" />
<point x="49" y="148" />
<point x="48" y="149" />
<point x="48" y="150" />
<point x="47" y="151" />
<point x="46" y="151" />
<point x="44" y="153" />
<point x="42" y="151" />
<point x="45" y="148" />
<point x="44" y="147" />
<point x="44" y="145" />
<point x="45" y="144" />
<point x="46" y="144" />
</points>
</blob>
<blob isHole="false" area="68.5" circumference="56.526913" >
<bounding_rect x="1" y="47" width="15" height="18" />
<centroid x="7" y="54" />
<points>
<point x="13" y="47" />
<point x="11" y="49" />
<point x="9" y="49" />
<point x="9" y="50" />
<point x="7" y="52" />
<point x="6" y="52" />
<point x="6" y="53" />
<point x="5" y="54" />
<point x="3" y="54" />
<point x="3" y="55" />
<point x="1" y="57" />
<point x="1" y="60" />
<point x="2" y="59" />
<point x="3" y="60" />
<point x="3" y="61" />
<point x="4" y="61" />
<point x="7" y="64" />
<point x="8" y="64" />
<point x="8" y="63" />
<point x="6" y="61" />
<point x="6" y="60" />
<point x="5" y="59" />
<point x="6" y="58" />
<point x="6" y="57" />
<point x="7" y="56" />
<point x="8" y="56" />
<point x="8" y="55" />
<point x="10" y="53" />
<point x="11" y="53" />
<point x="12" y="52" />
<point x="13" y="52" />
<point x="14" y="51" />
<point x="14" y="49" />
<point x="15" y="48" />
<point x="14" y="47" />
</points>
</blob>
<blob isHole="false" area="51.5" circumference="56.384777" >
<bounding_rect x="126" y="189" width="25" height="5" />
<centroid x="136" y="190" />
<points>
<point x="133" y="189" />
<point x="131" y="191" />
<point x="130" y="190" />
<point x="126" y="190" />
<point x="126" y="192" />
<point x="127" y="192" />
<point x="128" y="193" />
<point x="130" y="193" />
<point x="131" y="192" />
<point x="132" y="193" />
<point x="135" y="193" />
<point x="136" y="192" />
<point x="139" y="192" />
<point x="140" y="191" />
<point x="145" y="191" />
<point x="146" y="192" />
<point x="147" y="192" />
<point x="148" y="191" />
<point x="150" y="191" />
<point x="150" y="190" />
<point x="145" y="190" />
<point x="144" y="189" />
<point x="142" y="189" />
<point x="141" y="190" />
<point x="136" y="190" />
<point x="135" y="189" />
</points>
</blob>
<blob isHole="false" area="43.5" circumference="32.72792" >
<bounding_rect x="214" y="171" width="14" height="6" />
<centroid x="220" y="173" />
<points>
<point x="219" y="171" />
<point x="218" y="172" />
<point x="216" y="172" />
<point x="215" y="173" />
<point x="214" y="173" />
<point x="214" y="174" />
<point x="215" y="175" />
<point x="216" y="175" />
<point x="217" y="176" />
<point x="218" y="176" />
<point x="219" y="175" />
<point x="223" y="175" />
<point x="224" y="176" />
<point x="225" y="176" />
<point x="226" y="175" />
<point x="227" y="175" />
<point x="227" y="173" />
<point x="226" y="173" />
<point x="225" y="172" />
<point x="223" y="172" />
<point x="222" y="171" />
</points>
</blob>
<blob isHole="true" area="42.5" circumference="36.384777" >
<bounding_rect x="153" y="147" width="16" height="6" />
<centroid x="161" y="149" />
<points>
<point x="153" y="148" />
<point x="154" y="147" />
<point x="158" y="147" />
<point x="159" y="148" />
<point x="164" y="148" />
<point x="165" y="147" />
<point x="167" y="147" />
<point x="168" y="148" />
<point x="167" y="149" />
<point x="167" y="150" />
<point x="165" y="152" />
<point x="164" y="152" />
<point x="162" y="150" />
<point x="161" y="150" />
<point x="160" y="151" />
<point x="158" y="151" />
<point x="157" y="150" />
<point x="156" y="150" />
<point x="155" y="149" />
<point x="154" y="149" />
</points>
</blob>
<blob isHole="false" area="41.0" circumference="52.28427" >
<bounding_rect x="9" y="75" width="9" height="17" />
<centroid x="12" y="81" />
<points>
<point x="12" y="75" />
<point x="11" y="76" />
<point x="11" y="77" />
<point x="10" y="78" />
<point x="9" y="78" />
<point x="9" y="79" />
<point x="11" y="81" />
<point x="11" y="84" />
<point x="12" y="85" />
<point x="12" y="86" />
<point x="13" y="87" />
<point x="13" y="89" />
<point x="12" y="90" />
<point x="13" y="91" />
<point x="14" y="91" />
<point x="14" y="90" />
<point x="15" y="89" />
<point x="15" y="88" />
<point x="14" y="87" />
<point x="14" y="84" />
<point x="13" y="83" />
<point x="13" y="82" />
<point x="11" y="80" />
<point x="11" y="79" />
<point x="12" y="78" />
<point x="13" y="79" />
<point x="14" y="79" />
<point x="15" y="78" />
<point x="16" y="79" />
<point x="16" y="80" />
<point x="17" y="80" />
<point x="17" y="78" />
<point x="15" y="76" />
<point x="14" y="76" />
<point x="13" y="75" />
</points>
</blob>
<blob isHole="true" area="39.0" circumference="30.142136" >
<bounding_rect x="89" y="107" width="7" height="13" />
<centroid x="92" y="112" />
<points>
<point x="89" y="108" />
<point x="90" y="107" />
<point x="91" y="107" />
<point x="92" y="108" />
<point x="93" y="108" />
<point x="94" y="109" />
<point x="94" y="111" />
<point x="95" y="112" />
<point x="95" y="113" />
<point x="94" y="114" />
<point x="94" y="117" />
<point x="92" y="119" />
<point x="91" y="118" />
<point x="91" y="112" />
<point x="90" y="111" />
<point x="90" y="110" />
<point x="89" y="109" />
</points>
</blob>
<blob isHole="false" area="35.5" circumference="42.384777" >
<bounding_rect x="7" y="106" width="10" height="10" />
<centroid x="11" y="110" />
<points>
<point x="11" y="106" />
<point x="10" y="107" />
<point x="10" y="108" />
<point x="9" y="109" />
<point x="8" y="108" />
<point x="8" y="107" />
<point x="7" y="107" />
<point x="7" y="110" />
<point x="9" y="112" />
<point x="9" y="114" />
<point x="10" y="114" />
<point x="10" y="111" />
<point x="11" y="110" />
<point x="12" y="111" />
<point x="12" y="114" />
<point x="13" y="114" />
<point x="14" y="115" />
<point x="16" y="115" />
<point x="16" y="114" />
<point x="15" y="113" />
<point x="15" y="111" />
<point x="14" y="111" />
<point x="12" y="109" />
<point x="13" y="108" />
<point x="12" y="107" />
<point x="12" y="106" />
</points>
</blob>
<blob isHole="true" area="32.5" circumference="25.556349" >
<bounding_rect x="283" y="171" width="10" height="8" />
<centroid x="287" y="175" />
<points>
<point x="287" y="172" />
<point x="288" y="171" />
<point x="290" y="173" />
<point x="291" y="173" />
<point x="292" y="174" />
<point x="291" y="175" />
<point x="290" y="175" />
<point x="290" y="177" />
<point x="289" y="178" />
<point x="286" y="178" />
<point x="283" y="175" />
<point x="284" y="174" />
<point x="286" y="174" />
<point x="287" y="173" />
</points>
</blob>
<blob isHole="true" area="31.0" circumference="24.142136" >
<bounding_rect x="60" y="102" width="9" height="8" />
<centroid x="63" y="105" />
<points>
<point x="65" y="103" />
<point x="66" y="102" />
<point x="67" y="103" />
<point x="67" y="104" />
<point x="68" y="105" />
<point x="67" y="106" />
<point x="66" y="106" />
<point x="65" y="107" />
<point x="64" y="107" />
<point x="62" y="109" />
<point x="61" y="108" />
<point x="61" y="107" />
<point x="60" y="106" />
<point x="60" y="104" />
<point x="61" y="103" />
</points>
</blob>
<blob isHole="true" area="29.0" circumference="28.142136" >
<bounding_rect x="52" y="93" width="11" height="6" />
<centroid x="57" y="95" />
<points>
<point x="52" y="94" />
<point x="53" y="93" />
<point x="54" y="93" />
<point x="55" y="94" />
<point x="57" y="94" />
<point x="58" y="93" />
<point x="60" y="93" />
<point x="61" y="94" />
<point x="61" y="95" />
<point x="62" y="96" />
<point x="62" y="97" />
<point x="61" y="98" />
<point x="60" y="98" />
<point x="59" y="97" />
<point x="59" y="96" />
<point x="56" y="96" />
<point x="55" y="97" />
<point x="54" y="96" />
<point x="53" y="96" />
<point x="52" y="95" />
</points>
</blob>
<blob isHole="true" area="28.0" circumference="26.970562" >
<bounding_rect x="140" y="142" width="7" height="11" />
<centroid x="142" y="146" />
<points>
<point x="140" y="143" />
<point x="141" y="142" />
<point x="142" y="142" />
<point x="144" y="144" />
<point x="144" y="145" />
<point x="143" y="146" />
<point x="143" y="147" />
<point x="144" y="147" />
<point x="146" y="149" />
<point x="146" y="151" />
<point x="145" y="152" />
<point x="141" y="148" />
<point x="141" y="145" />
<point x="140" y="144" />
</points>
</blob>
<blob isHole="true" area="27.0" circumference="27.31371" >
<bounding_rect x="65" y="92" width="9" height="9" />
<centroid x="68" y="95" />
<points>
<point x="65" y="93" />
<point x="66" y="92" />
<point x="69" y="92" />
<point x="70" y="93" />
<point x="70" y="94" />
<point x="72" y="94" />
<point x="73" y="95" />
<point x="72" y="96" />
<point x="69" y="96" />
<point x="69" y="99" />
<point x="68" y="100" />
<point x="67" y="99" />
<point x="67" y="95" />
</points>
</blob>
<blob isHole="true" area="21.5" circumference="20.727922" >
<bounding_rect x="190" y="143" width="7" height="7" />
<centroid x="192" y="145" />
<points>
<point x="190" y="144" />
<point x="191" y="143" />
<point x="194" y="143" />
<point x="195" y="144" />
<point x="194" y="145" />
<point x="194" y="146" />
<point x="195" y="146" />
<point x="196" y="147" />
<point x="194" y="149" />
<point x="193" y="148" />
<point x="192" y="148" />
<point x="191" y="147" />
<point x="191" y="146" />
<point x="190" y="145" />
</points>
</blob>
<blob isHole="false" area="18.0" circumference="42.62742" >
<bounding_rect x="22" y="106" width="13" height="7" />
<centroid x="29" y="108" />
<points>
<point x="27" y="106" />
<point x="27" y="107" />
<point x="28" y="108" />
<point x="27" y="109" />
<point x="26" y="109" />
<point x="25" y="108" />
<point x="25" y="107" />
<point x="24" y="107" />
<point x="23" y="108" />
<point x="22" y="108" />
<point x="22" y="109" />
<point x="24" y="109" />
<point x="25" y="108" />
<point x="26" y="109" />
<point x="26" y="110" />
<point x="27" y="110" />
<point x="27" y="109" />
<point x="28" y="108" />
<point x="32" y="112" />
<point x="33" y="112" />
<point x="33" y="110" />
<point x="34" y="109" />
<point x="33" y="108" />
<point x="32" y="108" />
<point x="31" y="109" />
<point x="29" y="109" />
<point x="28" y="108" />
<point x="29" y="107" />
<point x="29" y="106" />
</points>
</blob>
<blob isHole="true" area="18.0" circumference="19.31371" >
<bounding_rect x="182" y="143" width="8" height="6" />
<centroid x="185" y="145" />
<points>
<point x="186" y="144" />
<point x="187" y="143" />
<point x="188" y="143" />
<point x="189" y="144" />
<point x="188" y="145" />
<point x="188" y="147" />
<point x="187" y="148" />
<point x="186" y="147" />
<point x="185" y="147" />
<point x="184" y="146" />
<point x="183" y="146" />
<point x="182" y="145" />
<point x="183" y="144" />
</points>
</blob>
<blob isHole="false" area="17.0" circumference="31.31371" >
<bounding_rect x="372" y="122" width="13" height="7" />
<centroid x="377" y="125" />
<points>
<point x="372" y="122" />
<point x="372" y="123" />
<point x="373" y="124" />
<point x="373" y="125" />
<point x="374" y="125" />
<point x="375" y="126" />
<point x="378" y="126" />
<point x="379" y="127" />
<point x="381" y="127" />
<point x="382" y="128" />
<point x="384" y="128" />
<point x="384" y="127" />
<point x="382" y="127" />
<point x="381" y="126" />
<point x="380" y="126" />
<point x="379" y="125" />
<point x="376" y="125" />
<point x="374" y="123" />
<point x="374" y="122" />
</points>
</blob>
<blob isHole="true" area="16.0" circumference="15.656855" >
<bounding_rect x="93" y="186" width="7" height="4" />
<centroid x="96" y="187" />
<points>
<point x="93" y="187" />
<point x="94" y="186" />
<point x="98" y="186" />
<point x="99" y="187" />
<point x="99" y="188" />
<point x="98" y="189" />
<point x="94" y="189" />
<point x="93" y="188" />
</points>
</blob>
<blob isHole="true" area="15.0" circumference="16.485281" >
<bounding_rect x="74" y="94" width="8" height="4" />
<centroid x="77" y="95" />
<points>
<point x="74" y="95" />
<point x="75" y="94" />
<point x="78" y="94" />
<point x="79" y="95" />
<point x="80" y="95" />
<point x="81" y="96" />
<point x="80" y="97" />
<point x="76" y="97" />
</points>
</blob>
<blob isHole="true" area="14.5" circumference="15.899495" >
<bounding_rect x="78" y="99" width="5" height="6" />
<centroid x="80" y="101" />
<points>
<point x="78" y="100" />
<point x="79" y="99" />
<point x="80" y="99" />
<point x="82" y="101" />
<point x="82" y="103" />
<point x="81" y="104" />
<point x="79" y="104" />
<point x="78" y="103" />
<point x="79" y="102" />
<point x="79" y="101" />
</points>
</blob>
<blob isHole="false" area="14.0" circumference="15.656855" >
<bounding_rect x="352" y="89" width="6" height="5" />
<centroid x="354" y="91" />
<points>
<point x="352" y="89" />
<point x="352" y="90" />
<point x="353" y="91" />
<point x="353" y="92" />
<point x="354" y="93" />
<point x="357" y="93" />
<point x="357" y="92" />
<point x="356" y="91" />
<point x="356" y="90" />
<point x="355" y="89" />
</points>
</blob>
<blob isHole="false" area="13.5" circumference="21.899494" >
<bounding_rect x="2" y="97" width="6" height="9" />
<centroid x="4" y="100" />
<points>
<point x="2" y="97" />
<point x="2" y="100" />
<point x="3" y="100" />
<point x="6" y="103" />
<point x="6" y="105" />
<point x="7" y="105" />
<point x="7" y="102" />
<point x="5" y="100" />
<point x="5" y="99" />
<point x="4" y="98" />
<point x="3" y="98" />
</points>
</blob>
<blob isHole="false" area="13.5" circumference="23.071068" >
<bounding_rect x="36" y="115" width="4" height="10" />
<centroid x="37" y="119" />
<points>
<point x="37" y="115" />
<point x="37" y="117" />
<point x="36" y="118" />
<point x="36" y="122" />
<point x="37" y="123" />
<point x="37" y="124" />
<point x="38" y="124" />
<point x="38" y="122" />
<point x="37" y="121" />
<point x="37" y="120" />
<point x="38" y="119" />
<point x="38" y="117" />
<point x="39" y="116" />
<point x="39" y="115" />
</points>
</blob>
<blob isHole="true" area="12.5" circumference="15.071068" >
<bounding_rect x="44" y="181" width="7" height="4" />
<centroid x="46" y="182" />
<points>
<point x="44" y="182" />
<point x="45" y="181" />
<point x="49" y="181" />
<point x="50" y="182" />
<point x="49" y="183" />
<point x="47" y="183" />
<point x="46" y="184" />
<point x="45" y="184" />
<point x="44" y="183" />
</points>
</blob>
<blob isHole="false" area="12.5" circumference="18.242641" >
<bounding_rect x="363" y="74" width="8" height="4" />
<centroid x="366" y="75" />
<points>
<point x="363" y="74" />
<point x="363" y="75" />
<point x="364" y="75" />
<point x="365" y="76" />
<point x="366" y="76" />
<point x="367" y="77" />
<point x="370" y="77" />
<point x="370" y="75" />
<point x="367" y="75" />
<point x="366" y="74" />
</points>
</blob>
<blob isHole="true" area="12.5" circumference="13.899495" >
<bounding_rect x="63" y="108" width="6" height="5" />
<centroid x="65" y="110" />
<points>
<point x="64" y="109" />
<point x="65" y="108" />
<point x="66" y="108" />
<point x="68" y="110" />
<point x="66" y="112" />
<point x="64" y="112" />
<point x="63" y="111" />
<point x="64" y="110" />
</points>
</blob>
<blob isHole="false" area="12.0" circumference="16.485281" >
<bounding_rect x="374" y="76" width="5" height="6" />
<centroid x="376" y="78" />
<points>
<point x="375" y="76" />
<point x="375" y="77" />
<point x="374" y="78" />
<point x="374" y="79" />
<point x="375" y="79" />
<point x="377" y="81" />
<point x="378" y="81" />
<point x="378" y="80" />
<point x="377" y="79" />
<point x="378" y="78" />
<point x="378" y="77" />
<point x="377" y="77" />
<point x="376" y="76" />
</points>
</blob>
<blob isHole="true" area="12.0" circumference="15.313708" >
<bounding_rect x="153" y="118" width="5" height="7" />
<centroid x="154" y="121" />
<points>
<point x="153" y="119" />
<point x="154" y="118" />
<point x="155" y="119" />
<point x="155" y="120" />
<point x="157" y="122" />
<point x="157" y="123" />
<point x="156" y="124" />
<point x="153" y="121" />
</points>
</blob>
<blob isHole="true" area="11.5" circumference="15.071068" >
<bounding_rect x="176" y="162" width="6" height="5" />
<centroid x="178" y="163" />
<points>
<point x="176" y="163" />
<point x="177" y="162" />
<point x="180" y="162" />
<point x="181" y="163" />
<point x="180" y="164" />
<point x="178" y="164" />
<point x="178" y="165" />
<point x="177" y="166" />
<point x="176" y="165" />
</points>
</blob>
<blob isHole="false" area="11.0" circumference="25.313707" >
<bounding_rect x="394" y="78" width="5" height="10" />
<centroid x="396" y="81" />
<points>
<point x="397" y="78" />
<point x="396" y="79" />
<point x="396" y="81" />
<point x="398" y="83" />
<point x="395" y="86" />
<point x="394" y="86" />
<point x="394" y="87" />
<point x="395" y="87" />
<point x="396" y="86" />
<point x="397" y="86" />
<point x="397" y="84" />
<point x="398" y="83" />
<point x="398" y="78" />
</points>
</blob>
<blob isHole="false" area="10.5" circumference="14.2426405" >
<bounding_rect x="224" y="117" width="5" height="5" />
<centroid x="226" y="118" />
<points>
<point x="225" y="117" />
<point x="225" y="118" />
<point x="224" y="119" />
<point x="224" y="120" />
<point x="226" y="120" />
<point x="227" y="121" />
<point x="228" y="121" />
<point x="228" y="119" />
<point x="227" y="118" />
<point x="227" y="117" />
</points>
</blob>
<blob isHole="false" area="10.5" circumference="15.071068" >
<bounding_rect x="228" y="34" width="4" height="6" />
<centroid x="229" y="36" />
<points>
<point x="229" y="34" />
<point x="228" y="35" />
<point x="228" y="37" />
<point x="230" y="39" />
<point x="231" y="39" />
<point x="231" y="38" />
<point x="230" y="37" />
<point x="230" y="36" />
<point x="231" y="35" />
<point x="231" y="34" />
</points>
</blob>
<blob isHole="false" area="10.0" circumference="14.828427" >
<bounding_rect x="227" y="142" width="6" height="4" />
<centroid x="229" y="143" />
<points>
<point x="227" y="142" />
<point x="227" y="144" />
<point x="228" y="144" />
<point x="229" y="145" />
<point x="232" y="145" />
<point x="232" y="143" />
<point x="229" y="143" />
<point x="228" y="142" />
</points>
</blob>
<blob isHole="true" area="10.0" circumference="12.485281" >
<bounding_rect x="21" y="166" width="6" height="4" />
<centroid x="23" y="167" />
<points>
<point x="23" y="166" />
<point x="25" y="166" />
<point x="26" y="167" />
<point x="24" y="169" />
<point x="22" y="169" />
<point x="21" y="168" />
</points>
</blob>
<blob isHole="true" area="10.0" circumference="13.656855" >
<bounding_rect x="241" y="11" width="7" height="3" />
<centroid x="244" y="12" />
<points>
<point x="241" y="12" />
<point x="242" y="11" />
<point x="246" y="11" />
<point x="247" y="12" />
<point x="246" y="13" />
<point x="242" y="13" />
</points>
</blob>
<blob isHole="true" area="9.0" circumference="12.485281" >
<bounding_rect x="321" y="185" width="6" height="4" />
<centroid x="323" y="186" />
<points>
<point x="321" y="186" />
<point x="322" y="185" />
<point x="323" y="185" />
<point x="324" y="186" />
<point x="325" y="186" />
<point x="326" y="187" />
<point x="325" y="188" />
<point x="323" y="188" />
</points>
</blob>
<blob isHole="false" area="9.0" circumference="11.656855" >
<bounding_rect x="388" y="95" width="4" height="5" />
<centroid x="389" y="96" />
<points>
<point x="389" y="95" />
<point x="388" y="96" />
<point x="388" y="98" />
<point x="389" y="99" />
<point x="390" y="99" />
<point x="390" y="98" />
<point x="391" y="97" />
<point x="391" y="96" />
<point x="390" y="95" />
</points>
</blob>
<blob isHole="false" area="9.0" circumference="11.656855" >
<bounding_rect x="298" y="99" width="5" height="4" />
<centroid x="300" y="100" />
<points>
<point x="299" y="99" />
<point x="298" y="100" />
<point x="298" y="101" />
<point x="299" y="101" />
<point x="300" y="102" />
<point x="301" y="102" />
<point x="302" y="101" />
<point x="302" y="100" />
<point x="301" y="99" />
</points>
</blob>
<blob isHole="false" area="8.5" circumference="13.414213" >
<bounding_rect x="263" y="42" width="6" height="3" />
<centroid x="265" y="43" />
<points>
<point x="265" y="42" />
<point x="264" y="43" />
<point x="263" y="43" />
<point x="263" y="44" />
<point x="268" y="44" />
<point x="268" y="42" />
</points>
</blob>
<blob isHole="false" area="8.5" circumference="17.071068" >
<bounding_rect x="374" y="102" width="6" height="6" />
<centroid x="376" y="104" />
<points>
<point x="374" y="102" />
<point x="374" y="104" />
<point x="375" y="104" />
<point x="376" y="105" />
<point x="376" y="106" />
<point x="377" y="106" />
<point x="378" y="107" />
<point x="379" y="107" />
<point x="379" y="106" />
<point x="378" y="105" />
<point x="377" y="105" />
<point x="376" y="104" />
<point x="376" y="103" />
<point x="375" y="102" />
</points>
</blob>
<blob isHole="false" area="8.0" circumference="13.656855" >
<bounding_rect x="386" y="84" width="6" height="4" />
<centroid x="388" y="85" />
<points>
<point x="388" y="84" />
<point x="387" y="85" />
<point x="386" y="85" />
<point x="387" y="86" />
<point x="389" y="86" />
<point x="390" y="87" />
<point x="391" y="87" />
<point x="391" y="85" />
<point x="390" y="85" />
<point x="389" y="84" />
</points>
</blob>
<blob isHole="true" area="8.0" circumference="11.656855" >
<bounding_rect x="33" y="96" width="6" height="3" />
<centroid x="35" y="97" />
<points>
<point x="33" y="97" />
<point x="34" y="96" />
<point x="37" y="96" />
<point x="38" y="97" />
<point x="37" y="98" />
<point x="34" y="98" />
</points>
</blob>
<blob isHole="true" area="8.0" circumference="11.656855" >
<bounding_rect x="143" y="114" width="6" height="3" />
<centroid x="145" y="115" />
<points>
<point x="143" y="115" />
<point x="144" y="114" />
<point x="147" y="114" />
<point x="148" y="115" />
<point x="147" y="116" />
<point x="144" y="116" />
</points>
</blob>
<blob isHole="false" area="7.5" circumference="13.071068" >
<bounding_rect x="118" y="92" width="4" height="5" />
<centroid x="119" y="94" />
<points>
<point x="118" y="92" />
<point x="118" y="93" />
<point x="119" y="94" />
<point x="118" y="95" />
<point x="118" y="96" />
<point x="120" y="96" />
<point x="120" y="95" />
<point x="121" y="94" />
<point x="119" y="92" />
</points>
</blob>
<blob isHole="true" area="7.5" circumference="11.071068" >
<bounding_rect x="280" y="11" width="5" height="4" />
<centroid x="281" y="12" />
<points>
<point x="280" y="12" />
<point x="281" y="11" />
<point x="282" y="12" />
<point x="283" y="12" />
<point x="284" y="13" />
<point x="283" y="14" />
<point x="281" y="14" />
<point x="280" y="13" />
</points>
</blob>
<blob isHole="false" area="7.5" circumference="12.2426405" >
<bounding_rect x="15" y="25" width="5" height="4" />
<centroid x="16" y="26" />
<points>
<point x="15" y="25" />
<point x="15" y="27" />
<point x="16" y="27" />
<point x="17" y="28" />
<point x="19" y="28" />
<point x="19" y="27" />
<point x="18" y="26" />
<point x="17" y="26" />
<point x="16" y="25" />
</points>
</blob>
<blob isHole="false" area="7.5" circumference="14.2426405" >
<bounding_rect x="110" y="189" width="6" height="4" />
<centroid x="112" y="190" />
<points>
<point x="112" y="189" />
<point x="110" y="191" />
<point x="110" y="192" />
<point x="112" y="192" />
<point x="112" y="191" />
<point x="113" y="190" />
<point x="115" y="190" />
<point x="115" y="189" />
</points>
</blob>
<blob isHole="true" area="7.5" circumference="11.071068" >
<bounding_rect x="41" y="152" width="4" height="5" />
<centroid x="42" y="153" />
<points>
<point x="41" y="153" />
<point x="42" y="152" />
<point x="43" y="152" />
<point x="44" y="153" />
<point x="43" y="154" />
<point x="43" y="155" />
<point x="42" y="156" />
<point x="41" y="155" />
</points>
</blob>
<blob isHole="true" area="7.0" circumference="10.485281" >
<bounding_rect x="58" y="99" width="4" height="5" />
<centroid x="59" y="101" />
<points>
<point x="58" y="100" />
<point x="59" y="99" />
<point x="61" y="101" />
<point x="59" y="103" />
<point x="58" y="102" />
</points>
</blob>
<blob isHole="false" area="7.0" circumference="15.656855" >
<bounding_rect x="366" y="88" width="5" height="4" />
<centroid x="368" y="89" />
<points>
<point x="368" y="88" />
<point x="367" y="89" />
<point x="366" y="89" />
<point x="366" y="91" />
<point x="367" y="91" />
<point x="367" y="90" />
<point x="368" y="89" />
<point x="369" y="90" />
<point x="369" y="91" />
<point x="370" y="91" />
<point x="370" y="89" />
<point x="369" y="88" />
</points>
</blob>
<blob isHole="true" area="7.0" circumference="10.485281" >
<bounding_rect x="176" y="168" width="4" height="5" />
<centroid x="177" y="170" />
<points>
<point x="178" y="168" />
<point x="179" y="169" />
<point x="179" y="170" />
<point x="177" y="172" />
<point x="176" y="171" />
<point x="176" y="170" />
</points>
</blob>
<blob isHole="true" area="7.0" circumference="10.485281" >
<bounding_rect x="75" y="118" width="5" height="4" />
<centroid x="77" y="119" />
<points>
<point x="77" y="118" />
<point x="79" y="120" />
<point x="78" y="121" />
<point x="76" y="121" />
<point x="75" y="120" />
</points>
</blob>
<blob isHole="false" area="6.5" circumference="12.2426405" >
<bounding_rect x="391" y="77" width="4" height="5" />
<centroid x="392" y="79" />
<points>
<point x="393" y="77" />
<point x="393" y="78" />
<point x="391" y="80" />
<point x="391" y="81" />
<point x="393" y="81" />
<point x="393" y="80" />
<point x="394" y="79" />
<point x="394" y="77" />
</points>
</blob>
<blob isHole="false" area="6.5" circumference="14.2426405" >
<bounding_rect x="49" y="106" width="5" height="5" />
<centroid x="50" y="107" />
<points>
<point x="51" y="106" />
<point x="51" y="107" />
<point x="50" y="108" />
<point x="49" y="108" />
<point x="49" y="110" />
<point x="50" y="110" />
<point x="50" y="109" />
<point x="51" y="108" />
<point x="52" y="108" />
<point x="53" y="107" />
<point x="53" y="106" />
</points>
</blob>
<blob isHole="true" area="6.0" circumference="9.656855" >
<bounding_rect x="156" y="123" width="3" height="5" />
<centroid x="157" y="125" />
<points>
<point x="156" y="124" />
<point x="157" y="123" />
<point x="158" y="124" />
<point x="158" y="126" />
<point x="157" y="127" />
<point x="156" y="126" />
</points>
</blob>
<blob isHole="true" area="6.0" circumference="9.656855" >
<bounding_rect x="320" y="182" width="5" height="3" />
<centroid x="322" y="183" />
<points>
<point x="320" y="183" />
<point x="321" y="182" />
<point x="323" y="182" />
<point x="324" y="183" />
<point x="323" y="184" />
<point x="321" y="184" />
</points>
</blob>
<blob isHole="true" area="6.0" circumference="9.656855" >
<bounding_rect x="314" y="180" width="3" height="5" />
<centroid x="315" y="182" />
<points>
<point x="314" y="181" />
<point x="315" y="180" />
<point x="316" y="181" />
<point x="316" y="183" />
<point x="315" y="184" />
<point x="314" y="183" />
</points>
</blob>
<blob isHole="true" area="6.0" circumference="9.656855" >
<bounding_rect x="273" y="11" width="5" height="3" />
<centroid x="275" y="12" />
<points>
<point x="273" y="12" />
<point x="274" y="11" />
<point x="276" y="11" />
<point x="277" y="12" />
<point x="276" y="13" />
<point x="274" y="13" />
</points>
</blob>
<blob isHole="true" area="6.0" circumference="9.656855" >
<bounding_rect x="386" y="172" width="5" height="3" />
<centroid x="388" y="173" />
<points>
<point x="386" y="173" />
<point x="387" y="172" />
<point x="389" y="172" />
<point x="390" y="173" />
<point x="389" y="174" />
<point x="387" y="174" />
</points>
</blob>
<blob isHole="true" area="6.0" circumference="9.656855" >
<bounding_rect x="147" y="113" width="5" height="3" />
<centroid x="149" y="114" />
<points>
<point x="147" y="114" />
<point x="148" y="113" />
<point x="150" y="113" />
<point x="151" y="114" />
<point x="150" y="115" />
<point x="148" y="115" />
</points>
</blob>
<blob isHole="true" area="6.0" circumference="9.656855" >
<bounding_rect x="196" y="142" width="5" height="3" />
<centroid x="198" y="143" />
<points>
<point x="196" y="143" />
<point x="197" y="142" />
<point x="199" y="142" />
<point x="200" y="143" />
<point x="199" y="144" />
<point x="197" y="144" />
</points>
</blob>
<blob isHole="true" area="5.5" circumference="9.071068" >
<bounding_rect x="52" y="139" width="4" height="4" />
<centroid x="53" y="140" />
<points>
<point x="54" y="139" />
<point x="55" y="140" />
<point x="55" y="141" />
<point x="54" y="142" />
<point x="53" y="142" />
<point x="52" y="141" />
</points>
</blob>
<blob isHole="true" area="5.5" circumference="9.071068" >
<bounding_rect x="138" y="128" width="4" height="4" />
<centroid x="139" y="129" />
<points>
<point x="138" y="129" />
<point x="139" y="128" />
<point x="140" y="128" />
<point x="141" y="129" />
<point x="141" y="130" />
<point x="140" y="131" />
</points>
</blob>
<blob isHole="true" area="5.5" circumference="9.071068" >
<bounding_rect x="14" y="14" width="4" height="4" />
<centroid x="15" y="15" />
<points>
<point x="14" y="15" />
<point x="15" y="14" />
<point x="17" y="16" />
<point x="16" y="17" />
<point x="15" y="17" />
<point x="14" y="16" />
</points>
</blob>
<blob isHole="true" area="5.5" circumference="9.071068" >
<bounding_rect x="265" y="154" width="4" height="4" />
<centroid x="266" y="155" />
<points>
<point x="267" y="154" />
<point x="268" y="155" />
<point x="268" y="156" />
<point x="267" y="157" />
<point x="266" y="157" />
<point x="265" y="156" />
</points>
</blob>
<blob isHole="false" area="5.5" circumference="11.414213" >
<bounding_rect x="1" y="79" width="3" height="5" />
<centroid x="1" y="81" />
<points>
<point x="1" y="79" />
<point x="1" y="83" />
<point x="3" y="83" />
<point x="3" y="82" />
<point x="2" y="81" />
<point x="2" y="79" />
</points>
</blob>
<blob isHole="true" area="5.5" circumference="9.071068" >
<bounding_rect x="300" y="179" width="4" height="4" />
<centroid x="301" y="180" />
<points>
<point x="300" y="180" />
<point x="301" y="179" />
<point x="302" y="179" />
<point x="303" y="180" />
<point x="301" y="182" />
<point x="300" y="181" />
</points>
</blob>
<blob isHole="false" area="5.5" circumference="10.2426405" >
<bounding_rect x="342" y="72" width="4" height="4" />
<centroid x="343" y="73" />
<points>
<point x="344" y="72" />
<point x="343" y="73" />
<point x="342" y="73" />
<point x="342" y="74" />
<point x="343" y="75" />
<point x="344" y="74" />
<point x="345" y="74" />
<point x="345" y="72" />
</points>
</blob>
<blob isHole="true" area="5.5" circumference="9.071068" >
<bounding_rect x="305" y="183" width="4" height="4" />
<centroid x="306" y="184" />
<points>
<point x="305" y="184" />
<point x="306" y="183" />
<point x="307" y="183" />
<point x="308" y="184" />
<point x="308" y="185" />
<point x="307" y="186" />
</points>
</blob>
<blob isHole="false" area="5.0" circumference="11.656855" >
<bounding_rect x="389" y="129" width="5" height="3" />
<centroid x="391" y="130" />
<points>
<point x="389" y="129" />
<point x="389" y="130" />
<point x="390" y="130" />
<point x="391" y="131" />
<point x="393" y="131" />
<point x="393" y="130" />
<point x="392" y="129" />
<point x="391" y="130" />
<point x="390" y="129" />
</points>
</blob>
<blob isHole="false" area="5.0" circumference="10.828427" >
<bounding_rect x="36" y="108" width="5" height="3" />
<centroid x="38" y="109" />
<points>
<point x="39" y="108" />
<point x="38" y="109" />
<point x="36" y="109" />
<point x="36" y="110" />
<point x="39" y="110" />
<point x="40" y="109" />
<point x="40" y="108" />
</points>
</blob>
<blob isHole="false" area="5.0" circumference="10.828427" >
<bounding_rect x="11" y="161" width="5" height="3" />
<centroid x="12" y="161" />
<points>
<point x="11" y="161" />
<point x="11" y="162" />
<point x="12" y="162" />
<point x="13" y="163" />
<point x="15" y="163" />
<point x="14" y="162" />
<point x="14" y="161" />
</points>
</blob>
<blob isHole="false" area="4.5" circumference="9.414213" >
<bounding_rect x="239" y="40" width="4" height="3" />
<centroid x="240" y="40" />
<points>
<point x="239" y="40" />
<point x="239" y="41" />
<point x="240" y="41" />
<point x="241" y="42" />
<point x="242" y="42" />
<point x="242" y="40" />
</points>
</blob>
<blob isHole="false" area="4.5" circumference="10.2426405" >
<bounding_rect x="396" y="65" width="3" height="5" />
<centroid x="397" y="67" />
<points>
<point x="398" y="65" />
<point x="397" y="66" />
<point x="397" y="67" />
<point x="396" y="68" />
<point x="396" y="69" />
<point x="397" y="69" />
<point x="398" y="68" />
</points>
</blob>
<blob isHole="false" area="4.5" circumference="8.2426405" >
<bounding_rect x="112" y="57" width="3" height="4" />
<centroid x="113" y="58" />
<points>
<point x="113" y="57" />
<point x="112" y="58" />
<point x="112" y="59" />
<point x="113" y="60" />
<point x="114" y="59" />
<point x="114" y="57" />
</points>
</blob>
<blob isHole="false" area="4.5" circumference="8.2426405" >
<bounding_rect x="386" y="163" width="4" height="3" />
<centroid x="387" y="164" />
<points>
<point x="387" y="163" />
<point x="386" y="164" />
<point x="387" y="165" />
<point x="389" y="165" />
<point x="389" y="164" />
<point x="388" y="163" />
</points>
</blob>
<blob isHole="true" area="4.0" circumference="7.656854" >
<bounding_rect x="60" y="143" width="4" height="3" />
<centroid x="61" y="144" />
<points>
<point x="60" y="144" />
<point x="61" y="143" />
<point x="62" y="143" />
<point x="63" y="144" />
<point x="62" y="145" />
<point x="61" y="145" />
</points>
</blob>
<blob isHole="true" area="4.0" circumference="7.656854" >
<bounding_rect x="269" y="153" width="3" height="4" />
<centroid x="270" y="154" />
<points>
<point x="269" y="154" />
<point x="270" y="153" />
<point x="271" y="154" />
<point x="271" y="155" />
<point x="270" y="156" />
<point x="269" y="155" />
</points>
</blob>
<blob isHole="true" area="4.0" circumference="7.656854" >
<bounding_rect x="205" y="157" width="4" height="3" />
<centroid x="206" y="158" />
<points>
<point x="205" y="158" />
<point x="206" y="157" />
<point x="207" y="157" />
<point x="208" y="158" />
<point x="207" y="159" />
<point x="206" y="159" />
</points>
</blob>
<blob isHole="false" area="4.0" circumference="10.828427" >
<bounding_rect x="134" y="77" width="5" height="3" />
<centroid x="136" y="78" />
<points>
<point x="137" y="77" />
<point x="136" y="78" />
<point x="134" y="78" />
<point x="134" y="79" />
<point x="136" y="79" />
<point x="137" y="78" />
<point x="138" y="78" />
<point x="138" y="77" />
</points>
</blob>
<blob isHole="true" area="4.0" circumference="7.656854" >
<bounding_rect x="174" y="165" width="4" height="3" />
<centroid x="175" y="166" />
<points>
<point x="174" y="166" />
<point x="175" y="165" />
<point x="176" y="165" />
<point x="177" y="166" />
<point x="176" y="167" />
<point x="175" y="167" />
</points>
</blob>
<blob isHole="true" area="4.0" circumference="7.656854" >
<bounding_rect x="272" y="167" width="3" height="4" />
<centroid x="273" y="168" />
<points>
<point x="272" y="168" />
<point x="273" y="167" />
<point x="274" y="168" />
<point x="274" y="169" />
<point x="273" y="170" />
<point x="272" y="169" />
</points>
</blob>
<blob isHole="false" area="4.0" circumference="10.0" >
<bounding_rect x="286" y="63" width="5" height="2" />
<centroid x="288" y="63" />
<points>
<point x="286" y="63" />
<point x="286" y="64" />
<point x="290" y="64" />
<point x="290" y="63" />
</points>
</blob>
<blob isHole="false" area="4.0" circumference="8.828427" >
<bounding_rect x="388" y="90" width="4" height="3" />
<centroid x="389" y="90" />
<points>
<point x="388" y="90" />
<point x="388" y="91" />
<point x="389" y="91" />
<point x="390" y="92" />
<point x="391" y="92" />
<point x="391" y="91" />
<point x="390" y="90" />
</points>
</blob>
<blob isHole="true" area="4.0" circumference="7.656854" >
<bounding_rect x="338" y="179" width="4" height="3" />
<centroid x="339" y="180" />
<points>
<point x="338" y="180" />
<point x="339" y="179" />
<point x="340" y="179" />
<point x="341" y="180" />
<point x="340" y="181" />
<point x="339" y="181" />
</points>
</blob>
<blob isHole="false" area="4.0" circumference="8.0" >
<bounding_rect x="322" y="121" width="3" height="3" />
<centroid x="323" y="122" />
<points>
<point x="322" y="121" />
<point x="322" y="123" />
<point x="324" y="123" />
<point x="324" y="121" />
</points>
</blob>
<blob isHole="false" area="4.0" circumference="10.828427" >
<bounding_rect x="136" y="93" width="3" height="5" />
<centroid x="137" y="95" />
<points>
<point x="136" y="93" />
<point x="136" y="94" />
<point x="137" y="95" />
<point x="137" y="97" />
<point x="138" y="97" />
<point x="138" y="95" />
<point x="137" y="94" />
<point x="137" y="93" />
</points>
</blob>
</blobs>
</blobworld>
